1756404180000, 876.80000000
1756404240000, 876.50796471
1756404300000, 876.43857385
1756404360000, 876.46555762
1756404420000, 876.46541857
1756404480000, 876.34834955
1756404540000, 876.12818273
1756404600000, 876.12008892
1756404660000, 875.85508589
1756404720000, 875.72504894
1756404780000, 875.72499725
1756404840000, 875.69943068
1756404900000, 875.65514140
1756404960000, 875.65067916
1756405020000, 875.34982028
1756405080000, 875.37766504
1756405140000, 875.54945592
1756405200000, 875.54650226
1756405260000, 875.56407090
1756405320000, 875.63176589
1756405380000, 875.65779229
1756405440000, 875.69248043
1756405500000, 875.78178449
1756405560000, 875.82680156
1756405620000, 876.20152167
1756405680000, 876.20491520
1756405740000, 876.25301125
1756405800000, 876.43753858
1756405860000, 876.51643658
1756405920000, 877.09786567
1756405980000, 877.12720046
1756406040000, 877.50178524
1756406100000, 877.46786222
1756406160000, 877.38465426
1756406220000, 877.35267218
1756406280000, 877.34806105
1756406340000, 877.32608831
1756406400000, 877.42550926
1756406460000, 877.42068079
1756406520000, 877.23488004
1756406580000, 877.25363337
1756406640000, 877.23626394
1756406700000, 876.54025653
1756406760000, 875.46727834
1756406820000, 873.77916731
1756406880000, 873.46437091
1756406940000, 872.45791011
1756407000000, 872.10796926
1756407060000, 871.72183872
1756407120000, 871.60837864
1756407180000, 871.48047052
1756407240000, 871.26007268
1756407300000, 871.23564224
1756407360000, 871.18770802
1756407420000, 871.11216643
1756407480000, 871.08593564
1756407540000, 871.02656395
1756407600000, 870.81606707
1756407660000, 870.54801798
1756407720000, 870.10075024
1756407780000, 870.11402939
1756407840000, 870.44901834
1756407900000, 870.92631860
1756407960000, 871.03882275
1756408020000, 871.10460097
1756408080000, 871.20288386
1756408140000, 871.22189236
1756408200000, 871.30624149
1756408260000, 871.73453946
1756408320000, 871.76752118
1756408380000, 871.78615840
1756408440000, 871.80216461
1756408500000, 871.79728524
1756408560000, 871.84290746
1756408620000, 871.79263125
1756408680000, 871.78907891
1756408740000, 871.72745565
1756408800000, 871.72786744
1756408860000, 871.87985971
1756408920000, 871.88466009
1756408980000, 871.90523633
1756409040000, 871.78674708
1756409100000, 871.73942646
1756409160000, 870.93075563
1756409220000, 870.82199221
1756409280000, 870.85110240
1756409340000, 870.86302784
1756409400000, 870.92706067
1756409460000, 870.96891218
1756409520000, 870.93984422
1756409580000, 871.02108556
1756409640000, 871.05634203
1756409700000, 870.87384674
1756409760000, 870.87699105
1756409820000, 870.87678418
1756409880000, 870.87913953
1756409940000, 870.91430279
1756410000000, 870.91335661
1756410060000, 870.90910447
1756410120000, 870.92967589
1756410180000, 870.91085838
1756410240000, 870.86486820
1756410300000, 870.79473460
1756410360000, 870.77676494
1756410420000, 870.76044280
1756410480000, 870.71521604
1756410540000, 870.70609893
1756410600000, 870.22035045
1756410660000, 869.14093783
1756410720000, 869.13478589
1756410780000, 869.09819879
1756410840000, 869.08780473
1756410900000, 869.11220669
1756410960000, 869.09714320
1756411020000, 869.07604595
1756411080000, 869.06219259
1756411140000, 869.05122037
1756411200000, 869.05800112
1756411260000, 868.98153070
1756411320000, 868.95905529
1756411380000, 869.28147326
1756411440000, 869.32532621
1756411500000, 869.33438212
1756411560000, 869.65525651
1756411620000, 869.78128587
1756411680000, 869.82122556
1756411740000, 869.82140757
1756411800000, 869.85575344
1756411860000, 869.86513290
1756411920000, 869.87774595
1756411980000, 869.77495586
1756412040000, 869.69114180
1756412100000, 869.70050828
1756412160000, 869.73115965
1756412220000, 869.73512500
1756412280000, 869.67071571
1756412340000, 869.65528905
1756412400000, 869.65262675
1756412460000, 869.62714198
1756412520000, 869.41787748
1756412580000, 869.41206028
1756412640000, 869.41930507
1756412700000, 869.43441457
1756412760000, 869.44222988
1756412820000, 869.44966601
1756412880000, 869.56208552
1756412940000, 869.85449450
1756413000000, 870.01421250
1756413060000, 870.04399532
1756413120000, 870.02248033
1756413180000, 869.76436608
1756413240000, 869.72359399
1756413300000, 869.57288391
1756413360000, 869.50155641
1756413420000, 869.47700198
1756413480000, 869.39083070
1756413540000, 869.25842439
1756413600000, 869.20389373
1756413660000, 869.16345230
1756413720000, 869.12143314
1756413780000, 869.08918509
1756413840000, 869.08900738
1756413900000, 869.07203615
1756413960000, 869.02495281
1756414020000, 869.08086857
1756414080000, 869.05250999
1756414140000, 869.06223608
1756414200000, 869.07591762
1756414260000, 869.08177195
1756414320000, 869.08775484
1756414380000, 869.10498107
1756414440000, 869.14297692
1756414500000, 869.15855713
1756414560000, 869.27833146
1756414620000, 869.32902028
1756414680000, 869.33372542
1756414740000, 869.34370169
1756414800000, 869.35151851
1756414860000, 869.35492278
1756414920000, 869.50420827
1756414980000, 869.58798338
1756415040000, 869.70215055
1756415100000, 869.77279303
1756415160000, 869.77861770
1756415220000, 869.87905635
1756415280000, 869.88323473
1756415340000, 869.89845603
1756415400000, 870.10282913
1756415460000, 870.50877147
1756415520000, 870.60863508
1756415580000, 870.66719780
1756415640000, 870.99368706
1756415700000, 871.52954799
1756415760000, 871.53137211
1756415820000, 871.54903997
1756415880000, 871.56567707
1756415940000, 871.56967129
1756416000000, 871.57202677
1756416060000, 871.57314606
1756416120000, 871.83548661
1756416180000, 871.83553774
1756416240000, 871.83470606
1756416300000, 871.83962475
1756416360000, 871.84482980
1756416420000, 871.84729631
1756416480000, 871.85262481
1756416540000, 871.85281700
1756416600000, 872.34293140
1756416660000, 872.34299565
1756416720000, 872.32300782
1756416780000, 872.30614261
1756416840000, 872.31048311
1756416900000, 872.31677995
1756416960000, 872.32810264
1756417020000, 871.56886614
1756417080000, 871.57562123
1756417140000, 871.56538165
1756417200000, 871.56408594
1756417260000, 871.51497165
1756417320000, 871.49674431
1756417380000, 871.49703523
1756417440000, 871.50835642
1756417500000, 871.63165658
1756417560000, 871.63725507
1756417620000, 871.71520560
1756417680000, 871.92923349
1756417740000, 871.94140574
1756417800000, 871.99009458
1756417860000, 872.03808615
1756417920000, 872.29510689
1756417980000, 872.45063654
1756418040000, 872.52674752
1756418100000, 872.54965591
1756418160000, 872.64218433
1756418220000, 872.67526979
1756418280000, 872.67759892
1756418340000, 872.70842010
1756418400000, 873.08332373
1756418460000, 873.08509742
1756418520000, 873.13915876
1756418580000, 873.22646581
1756418640000, 873.23057722
1756418700000, 873.25371674
1756418760000, 873.25423597
1756418820000, 873.31743958
1756418880000, 873.36019156
1756418940000, 873.36789326
1756419000000, 873.36795462
1756419060000, 873.43539290
1756419120000, 873.43663779
1756419180000, 874.08530112
1756419240000, 874.09390707
1756419300000, 874.68030773
1756419360000, 874.68325669
1756419420000, 874.75657951
1756419480000, 874.77617728
1756419540000, 874.81117448
1756419600000, 874.81117448
1756419660000, 874.82110820
1756419720000, 874.84387892
1756419780000, 874.90457410
1756419840000, 874.92645218
1756419900000, 874.92719746
1756419960000, 874.96358694
1756420020000, 874.98278241
1756420080000, 875.23626099
1756420140000, 875.31465973
1756420200000, 875.37363776
1756420260000, 875.37385619
1756420320000, 875.49064199
1756420380000, 875.52445153
1756420440000, 875.66138433
1756420500000, 875.60371740
1756420560000, 875.59824579
1756420620000, 875.59825428
1756420680000, 875.59769332
1756420740000, 875.59697674
1756420800000, 875.59661157
1756420860000, 875.59825133
1756420920000, 875.61045945
1756420980000, 875.61716682
1756421040000, 875.62537523
1756421100000, 875.62500869
1756421160000, 875.62544569
1756421220000, 875.62277839
1756421280000, 875.62266591
1756421340000, 875.62422105
1756421400000, 875.77160828
1756421460000, 875.94703194
1756421520000, 876.31330878
1756421580000, 876.30168417
1756421640000, 876.34246888
1756421700000, 876.41966339
1756421760000, 876.44051125
1756421820000, 876.46730385
1756421880000, 876.43729306
1756421940000, 876.49097878
1756422000000, 876.61025795
1756422060000, 876.63646859
1756422120000, 876.64062214
1756422180000, 876.63219982
1756422240000, 876.61927718
1756422300000, 876.61793061
1756422360000, 876.63143326
1756422420000, 876.69579402
1756422480000, 876.80408091
1756422540000, 876.72779798
1756422600000, 876.75027980
1756422660000, 876.75260274
1756422720000, 876.74605761
1756422780000, 876.74175702
1756422840000, 876.65656325
1756422900000, 875.35919162
1756422960000, 875.33020420
1756423020000, 875.33196184
1756423080000, 875.31875503
1756423140000, 875.31756883
1756423200000, 875.29845450
1756423260000, 875.27583526
1756423320000, 875.20696806
1756423380000, 874.97630302
1756423440000, 874.88710036
1756423500000, 874.72808719
1756423560000, 874.70324802
1756423620000, 874.70351413
1756423680000, 874.71112676
1756423740000, 874.72177029
1756423800000, 874.65054087
1756423860000, 874.65539568
1756423920000, 874.63070680
1756423980000, 874.63123703
1756424040000, 874.62380591
1756424100000, 874.58656300
1756424160000, 874.58787944
1756424220000, 874.58395009
1756424280000, 874.58120606
1756424340000, 874.52507717
1756424400000, 874.94911620
1756424460000, 874.95783546
1756424520000, 874.95933004
1756424580000, 874.95324837
1756424640000, 874.90568700
1756424700000, 874.89844751
1756424760000, 874.88084015
1756424820000, 874.88079707
1756424880000, 874.88560653
1756424940000, 874.90414677
1756425000000, 874.85935664
1756425060000, 874.86292797
1756425120000, 874.87047133
1756425180000, 874.83182038
1756425240000, 874.86386278
1756425300000, 874.55321880
1756425360000, 874.60433154
1756425420000, 874.56177434
1756425480000, 874.50018806
1756425540000, 874.44976720
1756425600000, 874.44310893
1756425660000, 874.40465043
1756425720000, 874.37584744
1756425780000, 874.37386802
1756425840000, 874.31148810
1756425900000, 874.26018905
1756425960000, 874.25964968
1756426020000, 874.25982488
1756426080000, 874.21169331
1756426140000, 874.21214237
1756426200000, 874.19077564
1756426260000, 874.01578285
1756426320000, 873.98074570
1756426380000, 874.09057179
1756426440000, 874.19694859
1756426500000, 874.24284298
1756426560000, 874.26535122
1756426620000, 874.65084264
1756426680000, 874.67010644
1756426740000, 874.88102736
1756426800000, 874.89767532
1756426860000, 874.90192635
1756426920000, 874.88127073
1756426980000, 874.78991578
1756427040000, 874.77947026
1756427100000, 874.77832554
1756427160000, 874.78724466
1756427220000, 874.86260865
1756427280000, 874.88950900
1756427340000, 875.04725697
1756427400000, 875.28979478
1756427460000, 875.39458992
1756427520000, 875.67142267
1756427580000, 875.76751814
1756427640000, 875.76849063
1756427700000, 875.80534458
1756427760000, 875.81869699
1756427820000, 875.86085518
1756427880000, 876.18604540
1756427940000, 876.20777419
1756428000000, 876.20721859
1756428060000, 876.22180545
1756428120000, 876.28447429
1756428180000, 876.30459302
1756428240000, 876.28261246
1756428300000, 876.13381542
1756428360000, 875.76744314
1756428420000, 875.71968748
1756428480000, 875.62051310
1756428540000, 875.61896689
1756428600000, 875.54544568
1756428660000, 875.54830079
1756428720000, 875.54026180
1756428780000, 875.45695453
1756428840000, 875.43682499
1756428900000, 875.42464703
1756428960000, 875.41884226
1756429020000, 875.14394565
1756429080000, 875.10863826
1756429140000, 875.10844557
1756429200000, 875.08482157
1756429260000, 875.15645317
1756429320000, 875.43473632
1756429380000, 875.44109658
1756429440000, 875.40861958
1756429500000, 875.38409517
1756429560000, 875.15340433
1756429620000, 875.09060269
1756429680000, 874.84603424
1756429740000, 874.73946678
1756429800000, 874.52184942
1756429860000, 874.32969665
1756429920000, 874.28462037
1756429980000, 874.28378859
1756430040000, 874.28308768
1756430100000, 874.25161661
1756430160000, 874.23354319
1756430220000, 874.01556801
1756430280000, 873.99266069
1756430340000, 873.95817448
1756430400000, 873.95176197
1756430460000, 873.91293944
1756430520000, 873.87010643
1756430580000, 873.79281523
1756430640000, 873.74197116
1756430700000, 873.43398901
1756430760000, 873.30546209
1756430820000, 873.26456256
1756430880000, 873.25909159
1756430940000, 873.24312775
1756431000000, 873.23746716
1756431060000, 873.26820092
1756431120000, 873.18788293
1756431180000, 873.41534248
1756431240000, 873.51131470
1756431300000, 874.66634842
1756431360000, 874.77079666
1756431420000, 874.83632447
1756431480000, 874.89266384
1756431540000, 874.92944142
1756431600000, 874.93140485
1756431660000, 875.05530308
1756431720000, 875.14792204
1756431780000, 875.15470151
1756431840000, 875.23661052
1756431900000, 875.25078428
1756431960000, 875.31622771
1756432020000, 875.30853904
1756432080000, 875.29552657
1756432140000, 875.30936490
1756432200000, 875.24929868
1756432260000, 875.23093582
1756432320000, 875.17183679
1756432380000, 875.13930278
1756432440000, 875.13261710
1756432500000, 875.13035257
1756432560000, 875.06365310
1756432620000, 874.90177904
1756432680000, 874.77970442
1756432740000, 874.67167859
1756432800000, 874.61510196
1756432860000, 874.42346630
1756432920000, 874.32598025
1756432980000, 874.27173210
1756433040000, 874.26878620
1756433100000, 874.26949220
1756433160000, 873.91600716
1756433220000, 873.72449050
1756433280000, 873.69981576
1756433340000, 873.69381179
1756433400000, 873.68910883
1756433460000, 873.65475664
1756433520000, 873.49449390
1756433580000, 873.35410893
1756433640000, 873.55892658
1756433700000, 873.54768095
1756433760000, 873.60099739
1756433820000, 873.62586632
1756433880000, 873.63118170
1756433940000, 873.63246580
1756434000000, 873.67049874
1756434060000, 873.92132127
1756434120000, 873.95635685
1756434180000, 874.01096428
1756434240000, 874.10031625
1756434300000, 875.05945528
1756434360000, 875.09151458
1756434420000, 875.14729521
1756434480000, 875.27291567
1756434540000, 875.62933349
1756434600000, 875.63251336
1756434660000, 875.69469668
1756434720000, 875.70792628
1756434780000, 875.70749542
1756434840000, 875.70867624
1756434900000, 875.76735951
1756434960000, 875.77468445
1756435020000, 875.76130722
1756435080000, 875.75486746
1756435140000, 875.61621121
1756435200000, 875.34323904
1756435260000, 875.32471309
1756435320000, 875.38104664
1756435380000, 875.26636476
1756435440000, 875.19804717
1756435500000, 875.17603214
1756435560000, 874.98721306
1756435620000, 874.83431420
1756435680000, 874.81690581
1756435740000, 874.73255701
1756435800000, 874.50845262
1756435860000, 874.33836279
1756435920000, 874.24540515
1756435980000, 874.23406567
1756436040000, 874.06722659
1756436100000, 873.97626510
1756436160000, 873.82096770
1756436220000, 873.76435046
1756436280000, 873.74327247
1756436340000, 873.52483320
1756436400000, 873.51761272
1756436460000, 873.48470518
1756436520000, 873.46600479
1756436580000, 873.43575571
1756436640000, 873.39423021
1756436700000, 873.37001538
1756436760000, 873.25758965
1756436820000, 873.12369035
1756436880000, 873.10329801
1756436940000, 873.10096682
1756437000000, 873.15821372
1756437060000, 873.18686282
1756437120000, 873.26518290
1756437180000, 873.15395463
1756437240000, 873.15092285
1756437300000, 873.11512549
1756437360000, 873.11188213
1756437420000, 873.09261757
1756437480000, 873.06682767
1756437540000, 873.06460360
1756437600000, 873.05370422
1756437660000, 872.99774200
1756437720000, 873.03285598
1756437780000, 873.05029205
1756437840000, 873.09667006
1756437900000, 873.19700192
1756437960000, 873.19787676
1756438020000, 873.11775018
1756438080000, 873.29426208
1756438140000, 873.37353926
1756438200000, 873.46266024
1756438260000, 873.52762826
1756438320000, 873.58432707
1756438380000, 873.62372381
1756438440000, 873.55909155
1756438500000, 873.54929571
1756438560000, 873.52849417
1756438620000, 873.50357879
1756438680000, 872.94726457
1756438740000, 872.92132568
1756438800000, 872.88753043
1756438860000, 872.89903923
1756438920000, 872.92231720
1756438980000, 872.92425129
1756439040000, 872.96393246
1756439100000, 873.01978228
1756439160000, 873.00859119
1756439220000, 873.07422020
1756439280000, 873.08207564
1756439340000, 873.09966976
1756439400000, 873.20243895
1756439460000, 873.23120515
1756439520000, 873.23146279
1756439580000, 873.88190137
1756439640000, 873.88450112
1756439700000, 873.86003168
1756439760000, 873.85254402
1756439820000, 873.86553087
1756439880000, 873.85903202
1756439940000, 873.86679086
1756440000000, 873.84957695
1756440060000, 873.75647927
1756440120000, 873.74694981
1756440180000, 873.65346081
1756440240000, 873.32373876
1756440300000, 873.25220359
1756440360000, 873.22571087
1756440420000, 873.21690567
1756440480000, 873.18316843
1756440540000, 873.16414006
1756440600000, 873.15296072
1756440660000, 873.14104833
1756440720000, 873.13944928
1756440780000, 873.11151403
1756440840000, 873.11035345
1756440900000, 873.10842739
1756440960000, 873.09558382
1756441020000, 873.06455140
1756441080000, 873.05818712
1756441140000, 872.26983825
1756441200000, 872.20988260
1756441260000, 871.97586258
1756441320000, 871.89692646
1756441380000, 871.88146348
1756441440000, 871.84440308
1756441500000, 871.84060104
1756441560000, 871.80460743
1756441620000, 871.80109199
1756441680000, 871.79214879
1756441740000, 871.79978571
1756441800000, 871.87648005
1756441860000, 871.88472908
1756441920000, 871.88747623
1756441980000, 871.89338351
1756442040000, 871.88055601
1756442100000, 871.88751492
1756442160000, 871.90901139
1756442220000, 871.91826624
1756442280000, 871.92193492
1756442340000, 871.94483187
1756442400000, 871.98321442
1756442460000, 872.00440030
1756442520000, 872.03049594
1756442580000, 872.06411932
1756442640000, 872.12761091
1756442700000, 872.29379795
1756442760000, 872.25561792
1756442820000, 872.22342061
1756442880000, 872.09725718
1756442940000, 872.03179852
1756443000000, 872.02740219
1756443060000, 872.00112857
1756443120000, 871.98940370
1756443180000, 871.78733081
1756443240000, 871.71010941
1756443300000, 871.54160492
1756443360000, 871.47053552
1756443420000, 871.41574309
1756443480000, 871.40339043
1756443540000, 871.20145578
1756443600000, 871.14510661
1756443660000, 871.08796280
1756443720000, 870.96597412
1756443780000, 870.85100894
1756443840000, 870.83866165
1756443900000, 870.83851424
1756443960000, 870.76061449
1756444020000, 870.74046807
1756444080000, 870.37202869
1756444140000, 870.37852772
1756444200000, 870.25177089
1756444260000, 870.17183667
1756444320000, 870.15265167
1756444380000, 870.15907290
1756444440000, 870.16169308
1756444500000, 870.17038731
1756444560000, 870.16291369
1756444620000, 870.20600963
1756444680000, 870.00127850
1756444740000, 869.67489004
1756444800000, 869.47150975
1756444860000, 869.40839617
1756444920000, 869.37727473
1756444980000, 869.31314763
1756445040000, 869.28876709
1756445100000, 869.28310206
1756445160000, 869.10113154
1756445220000, 869.00665204
1756445280000, 868.96188457
1756445340000, 868.95092167
1756445400000, 868.91542767
1756445460000, 868.83430000
1756445520000, 868.81770744
1756445580000, 868.78290393
1756445640000, 868.79789621
1756445700000, 868.85953708
1756445760000, 868.81707975
1756445820000, 868.83386903
1756445880000, 868.89534195
1756445940000, 868.95326147
1756446000000, 868.96573226
1756446060000, 869.14014055
1756446120000, 869.17256320
1756446180000, 869.20265020
1756446240000, 869.23227833
1756446300000, 869.25769981
1756446360000, 869.46340310
1756446420000, 869.54582638
1756446480000, 869.62174183
1756446540000, 869.66435267
1756446600000, 869.76152075
1756446660000, 869.79171445
1756446720000, 869.80597635
1756446780000, 869.83392848
1756446840000, 869.19374920
1756446900000, 869.20271560
1756446960000, 869.19521318
1756447020000, 869.19736993
1756447080000, 869.20037402
1756447140000, 869.19986419
1756447200000, 869.20297041
1756447260000, 869.20813731
1756447320000, 869.24299524
1756447380000, 869.21690788
1756447440000, 869.22038159
1756447500000, 869.20019896
1756447560000, 869.24715343
1756447620000, 869.26526899
1756447680000, 869.26573405
1756447740000, 870.24515119
1756447800000, 870.33383712
1756447860000, 870.27982668
1756447920000, 870.16461630
1756447980000, 870.16360028
1756448040000, 870.15196488
1756448100000, 870.08189078
1756448160000, 869.53271354
1756448220000, 869.00746138
1756448280000, 868.92520416
1756448340000, 868.89875453
1756448400000, 868.82139118
1756448460000, 868.74289126
1756448520000, 868.70411270
1756448580000, 868.65558064
1756448640000, 868.64294923
1756448700000, 868.59305773
1756448760000, 868.46187940
1756448820000, 868.30250901
1756448880000, 868.19620953
1756448940000, 868.12192288
1756449000000, 868.07880689
1756449060000, 867.91525069
1756449120000, 867.66377112
1756449180000, 867.56394351
1756449240000, 867.51123859
1756449300000, 867.45489099
1756449360000, 867.26781316
1756449420000, 867.25089552
1756449480000, 867.26368242
1756449540000, 867.30439592
1756449600000, 867.11747256
1756449660000, 867.07006451
1756449720000, 867.06094700
1756449780000, 867.05017381
1756449840000, 867.26741086
1756449900000, 867.30478979
1756449960000, 867.32177764
1756450020000, 867.32350693
1756450080000, 867.34857076
1756450140000, 867.36440917
1756450200000, 867.36902315
1756450260000, 867.03242012
1756450320000, 867.01822452
1756450380000, 866.98054800
1756450440000, 866.72233144
1756450500000, 866.84495866
1756450560000, 866.87782856
1756450620000, 866.84516949
1756450680000, 866.74728931
1756450740000, 865.96276333
1756450800000, 865.82073357
1756450860000, 865.74539073
1756450920000, 865.72245780
1756450980000, 865.53664720
1756451040000, 865.24947074
1756451100000, 865.23132225
1756451160000, 864.85427941
1756451220000, 864.85061433
1756451280000, 864.83059185
1756451340000, 864.59935521
1756451400000, 864.49364781
1756451460000, 864.48461892
1756451520000, 864.44643125
1756451580000, 864.24382130
1756451640000, 863.59482946
1756451700000, 862.93078603
1756451760000, 862.62347623
1756451820000, 862.44353006
1756451880000, 862.27811658
1756451940000, 861.56559390
1756452000000, 861.51760210
1756452060000, 861.47378350
1756452120000, 861.45910364
1756452180000, 861.35760369
1756452240000, 861.06302529
1756452300000, 860.84861368
1756452360000, 860.74818578
1756452420000, 860.31529877
1756452480000, 860.05315347
1756452540000, 859.86845021
1756452600000, 859.49540250
1756452660000, 859.39065079
1756452720000, 859.32103076
1756452780000, 859.88994613
1756452840000, 860.17604847
1756452900000, 860.15877069
1756452960000, 860.04862040
1756453020000, 860.05083790
1756453080000, 860.05042106
1756453140000, 860.04900431
1756453200000, 860.05723610
1756453260000, 860.05389031
1756453320000, 860.11410270
1756453380000, 860.12833245
1756453440000, 860.17452352
1756453500000, 860.16482251
1756453560000, 860.15148345
1756453620000, 860.14739943
1756453680000, 860.07624050
1756453740000, 859.78460937
1756453800000, 859.53040358
1756453860000, 859.50797327
1756453920000, 859.43707717
1756453980000, 859.19706581
1756454040000, 859.07381166
1756454100000, 858.97390144
1756454160000, 858.52794320
1756454220000, 858.43068893
1756454280000, 858.09652122
1756454340000, 857.37581616
1756454400000, 857.24958970
1756454460000, 857.34437503
1756454520000, 858.35730323
1756454580000, 858.37709241
1756454640000, 858.38160229
1756454700000, 858.38617199
1756454760000, 858.38634365
1756454820000, 858.39204542
1756454880000, 858.40066812
1756454940000, 858.41302902
1756455000000, 858.41692802
1756455060000, 858.40377819
1756455120000, 858.34717961
1756455180000, 858.40348841
1756455240000, 858.69660882
1756455300000, 858.70831055
1756455360000, 858.51970690
1756455420000, 857.75166468
1756455480000, 857.44683199
1756455540000, 857.37294130
1756455600000, 857.29730032
1756455660000, 857.11523802
1756455720000, 856.93826084
1756455780000, 856.83716059
1756455840000, 856.67057714
1756455900000, 856.60069805
1756455960000, 856.53406813
1756456020000, 856.51438635
1756456080000, 856.51141985
1756456140000, 856.51273723
1756456200000, 856.49343839
1756456260000, 856.42140692
1756456320000, 856.54831685
1756456380000, 856.56043467
1756456440000, 856.56640307
1756456500000, 856.60717291
1756456560000, 856.74091159
1756456620000, 856.74950900
1756456680000, 856.80777222
1756456740000, 856.83479885
1756456800000, 856.87080679
1756456860000, 856.90025272
1756456920000, 856.82971068
1756456980000, 856.46737192
1756457040000, 856.43477696
1756457100000, 856.42685432
1756457160000, 856.40464443
1756457220000, 856.23855237
1756457280000, 856.17894114
1756457340000, 856.16551673
1756457400000, 856.12268334
1756457460000, 856.10301832
1756457520000, 856.04929768
1756457580000, 856.02300633
1756457640000, 855.86582975
1756457700000, 855.68351775
1756457760000, 855.37209604
1756457820000, 855.28749376
1756457880000, 854.52190545
1756457940000, 854.33915237
1756458000000, 854.24628176
1756458060000, 854.13075014
1756458120000, 853.90822661
1756458180000, 853.65955774
1756458240000, 853.05923293
1756458300000, 852.87046164
1756458360000, 852.62342061
1756458420000, 852.43555069
1756458480000, 852.29788670
1756458540000, 852.06138365
1756458600000, 851.91986133
1756458660000, 851.66860424
1756458720000, 851.60025715
1756458780000, 851.45776498
1756458840000, 851.45672488
1756458900000, 851.44348213
1756458960000, 851.44419826
1756459020000, 851.49328018
1756459080000, 851.58177715
1756459140000, 851.99338292
1756459200000, 852.28900472
1756459260000, 852.86582863
1756459320000, 852.96752350
1756459380000, 853.50384588
1756459440000, 853.71892938
1756459500000, 854.02347682
1756459560000, 854.15240175
1756459620000, 854.24011033
1756459680000, 854.33159237
1756459740000, 854.64043272
1756459800000, 854.80541695
1756459860000, 854.98097053
1756459920000, 855.23992820
1756459980000, 855.38007128
1756460040000, 855.50172068
1756460100000, 855.60767399
1756460160000, 855.63259594
1756460220000, 855.58490172
1756460280000, 855.50269168
1756460340000, 855.47244306
1756460400000, 855.43384258
1756460460000, 855.40810226
1756460520000, 855.39317283
1756460580000, 855.36465882
1756460640000, 855.31574651
1756460700000, 855.27994912
1756460760000, 855.22653699
1756460820000, 855.10642390
1756460880000, 855.12893772
1756460940000, 855.49964060
1756461000000, 855.49707879
1756461060000, 855.51267200
1756461120000, 855.53336666
1756461180000, 855.59944298
1756461240000, 855.63025656
1756461300000, 855.65264839
1756461360000, 855.68890951
1756461420000, 855.70024197
1756461480000, 855.75348492
1756461540000, 855.77496905
1756461600000, 855.79469541
1756461660000, 855.83251973
1756461720000, 855.86425346
1756461780000, 855.89898176
1756461840000, 855.82606862
1756461900000, 855.98109859
1756461960000, 856.66384092
1756462020000, 856.70205379
1756462080000, 856.74207352
1756462140000, 856.80967519
1756462200000, 856.84815376
1756462260000, 856.87036285
1756462320000, 856.89296408
1756462380000, 856.92969210
1756462440000, 856.95298491
1756462500000, 856.96329249
1756462560000, 856.97444994
1756462620000, 856.97531598
1756462680000, 856.97758100
1756462740000, 856.99253421
1756462800000, 857.10639705
1756462860000, 857.42470896
1756462920000, 857.48050843
1756462980000, 857.39594607
1756463040000, 857.35371896
1756463100000, 857.44664381
1756463160000, 857.47925146
1756463220000, 857.48794316
1756463280000, 857.49382152
1756463340000, 857.50501255
1756463400000, 857.54671109
1756463460000, 857.53148458
1756463520000, 857.56069370
1756463580000, 857.57745881
1756463640000, 857.58206596
1756463700000, 857.57881864
1756463760000, 857.56742073
1756463820000, 857.56289216
1756463880000, 857.62148273
1756463940000, 857.66675736
1756464000000, 857.64366238
1756464060000, 857.63026700
1756464120000, 857.56333747
1756464180000, 857.40653755
1756464240000, 857.40043770
1756464300000, 857.39249049
1756464360000, 857.36275355
1756464420000, 857.34061906
1756464480000, 857.33034852
1756464540000, 857.30051811
1756464600000, 857.26091671
1756464660000, 857.21361495
1756464720000, 857.20677556
1756464780000, 857.20293195
1756464840000, 857.19419872
1756464900000, 857.10210445
1756464960000, 857.09540506
1756465020000, 856.78960203
1756465080000, 855.78093565
1756465140000, 855.76758643
1756465200000, 855.76278772
1756465260000, 855.75996737
1756465320000, 855.71807341
1756465380000, 855.70999369
1756465440000, 855.60546731
1756465500000, 855.64068263
1756465560000, 855.64823822
1756465620000, 855.50338071
1756465680000, 854.95813397
1756465740000, 854.95375307
1756465800000, 854.86498172
1756465860000, 854.90216935
1756465920000, 854.84558132
1756465980000, 855.24536529
1756466040000, 855.32626327
1756466100000, 855.44081570
1756466160000, 855.48480262
1756466220000, 855.48987925
1756466280000, 855.49806386
1756466340000, 855.61024472
1756466400000, 855.62216810
1756466460000, 855.64455095
1756466520000, 855.74754180
1756466580000, 856.86775745
1756466640000, 856.87296561
1756466700000, 856.68273159
1756466760000, 856.69627038
1756466820000, 856.65592701
1756466880000, 856.46578027
1756466940000, 856.30192951
1756467000000, 856.12670743
1756467060000, 855.87690930
1756467120000, 855.79159981
1756467180000, 855.76519272
1756467240000, 855.44244495
1756467300000, 855.28581689
1756467360000, 855.15156391
1756467420000, 854.88878139
1756467480000, 854.74012644
1756467540000, 854.70707888
1756467600000, 854.47141266
1756467660000, 854.44008979
1756467720000, 854.35431943
1756467780000, 854.28758786
1756467840000, 854.18179367
1756467900000, 854.15309372
1756467960000, 854.07623074
1756468020000, 854.07336752
1756468080000, 854.18617420
1756468140000, 854.23506876
1756468200000, 854.29732966
1756468260000, 854.23372735
1756468320000, 854.31376229
1756468380000, 854.38169644
1756468440000, 854.39027699
1756468500000, 854.39221654
1756468560000, 854.40946269
1756468620000, 854.46861493
1756468680000, 854.50712819
1756468740000, 854.59821393
1756468800000, 854.62138601
1756468860000, 854.64446250
1756468920000, 854.67249589
1756468980000, 854.66153852
1756469040000, 854.66078049
1756469100000, 854.67568373
1756469160000, 854.68809492
1756469220000, 854.75542529
1756469280000, 854.96796712
1756469340000, 855.01992690
1756469400000, 855.02906094
1756469460000, 855.03718566
1756469520000, 855.16485992
1756469580000, 855.56660979
1756469640000, 855.71142017
1756469700000, 855.76716068
1756469760000, 855.80889116
1756469820000, 856.11701847
1756469880000, 856.13487343
1756469940000, 856.15988662
1756470000000, 856.15818264
1756470060000, 856.11614798
1756470120000, 856.15532626
1756470180000, 856.20961167
1756470240000, 856.24368205
1756470300000, 856.30694526
1756470360000, 856.32814958
1756470420000, 856.35226299
1756470480000, 856.36321351
1756470540000, 856.37794377
1756470600000, 856.39984219
1756470660000, 858.83953209
1756470720000, 861.00200602
1756470780000, 861.29481128
1756470840000, 861.36098595
1756470900000, 861.44449159
1756470960000, 861.23120511
1756471020000, 861.41496365
1756471080000, 861.37774722
1756471140000, 861.41253901
1756471200000, 861.43664181
1756471260000, 861.47240577
1756471320000, 861.48017123
1756471380000, 861.49438820
1756471440000, 861.50514775
1756471500000, 861.50283799
1756471560000, 861.52845439
1756471620000, 861.21872350
1756471680000, 861.08254684
1756471740000, 861.01067180
1756471800000, 861.14521874
1756471860000, 861.67392568
1756471920000, 861.74707231
1756471980000, 862.04981662
1756472040000, 862.11634635
1756472100000, 862.30029156
1756472160000, 862.41068055
1756472220000, 862.48834054
1756472280000, 862.51033319
1756472340000, 862.85717310
1756472400000, 862.99589596
1756472460000, 863.06544895
1756472520000, 863.35446279
1756472580000, 863.46728843
1756472640000, 863.71158147
1756472700000, 863.85062189
1756472760000, 863.90600600
1756472820000, 863.87959146
1756472880000, 863.91440689
1756472940000, 863.86436151
1756473000000, 863.92838223
1756473060000, 863.98022209
1756473120000, 863.97588413
1756473180000, 864.00042498
1756473240000, 863.98345702
1756473300000, 863.98741524
1756473360000, 863.96698636
1756473420000, 863.87117955
1756473480000, 863.75071477
1756473540000, 863.01228250
1756473600000, 862.89556249
1756473660000, 862.74304894
1756473720000, 862.67309987
1756473780000, 862.67343669
1756473840000, 862.68517594
1756473900000, 862.58716694
1756473960000, 862.43809050
1756474020000, 862.29195247
1756474080000, 862.26283087
1756474140000, 862.21907759
1756474200000, 862.15014872
1756474260000, 861.60602920
1756474320000, 861.44888501
1756474380000, 861.37621020
1756474440000, 861.32565459
1756474500000, 861.27512541
1756474560000, 861.18400330
1756474620000, 861.12471890
1756474680000, 861.07444397
1756474740000, 860.99600309
1756474800000, 860.85362942
1756474860000, 860.64514940
1756474920000, 860.40327637
1756474980000, 860.23715217
1756475040000, 860.07874787
1756475100000, 859.95961747
1756475160000, 859.14835316
1756475220000, 858.39520260
1756475280000, 858.04295321
1756475340000, 857.91866186
1756475400000, 857.69912867
1756475460000, 857.41108877
1756475520000, 857.33769991
1756475580000, 857.25888564
1756475640000, 857.19919603
1756475700000, 857.14421118
1756475760000, 857.07181738
1756475820000, 857.00393481
1756475880000, 856.85429568
1756475940000, 856.79495896
1756476000000, 856.79218779
1756476060000, 856.88256210
1756476120000, 857.02509733
1756476180000, 857.22874918
1756476240000, 857.29057897
1756476300000, 857.30693372
1756476360000, 856.93505503
1756476420000, 856.00184599
1756476480000, 855.53832230
1756476540000, 855.45396606
1756476600000, 855.36485155
1756476660000, 855.33202900
1756476720000, 855.23173776
1756476780000, 855.24394768
1756476840000, 855.24712766
1756476900000, 855.22818529
1756476960000, 855.19159604
1756477020000, 855.18610379
1756477080000, 855.26761599
1756477140000, 855.25556268
1756477200000, 855.29242644
1756477260000, 855.38153048
1756477320000, 855.72157095
1756477380000, 856.02384600
1756477440000, 856.09069973
1756477500000, 856.30364718
1756477560000, 856.44813032
1756477620000, 856.98868443
1756477680000, 857.07688858
1756477740000, 857.09551623
1756477800000, 857.09819089
1756477860000, 857.19287276
1756477920000, 858.18670729
1756477980000, 859.07457702
1756478040000, 859.17444160
1756478100000, 859.38064790
1756478160000, 859.44145081
1756478220000, 859.50250145
1756478280000, 859.53892905
1756478340000, 859.93574863
1756478400000, 860.06607694
1756478460000, 860.31225165
1756478520000, 860.39093270
1756478580000, 860.61415820
1756478640000, 860.78513787
1756478700000, 860.80470570
1756478760000, 860.86587797
1756478820000, 860.95425312
1756478880000, 861.02936964
1756478940000, 861.11743559
1756479000000, 861.20648116
1756479060000, 860.58932474
1756479120000, 860.55619221
1756479180000, 860.54965930
1756479240000, 860.48598812
1756479300000, 860.42308780
1756479360000, 860.38169278
1756479420000, 860.25216269
1756479480000, 860.18121621
1756479540000, 860.03368089
1756479600000, 860.00525673
1756479660000, 859.96244169
1756479720000, 859.87677742
1756479780000, 859.44633319
1756479840000, 859.37445243
1756479900000, 859.21595857
1756479960000, 858.62175167
1756480020000, 858.49991405
1756480080000, 858.60270685
1756480140000, 858.87749563
1756480200000, 858.87559793
1756480260000, 858.87762375
1756480320000, 858.90333755
1756480380000, 858.91772959
1756480440000, 858.93693004
1756480500000, 858.95136367
1756480560000, 859.04296870
1756480620000, 859.16630081
1756480680000, 859.65931351
1756480740000, 859.70423710
1756480800000, 859.85423832
1756480860000, 859.94829703
1756480920000, 859.99270223
1756480980000, 860.02269779
1756481040000, 860.28015797
1756481100000, 860.29181819
1756481160000, 860.29848336
1756481220000, 860.42449960
1756481280000, 860.40301975
1756481340000, 860.33777982
1756481400000, 860.26701034
1756481460000, 860.19847249
1756481520000, 859.97016774
1756481580000, 859.79754702
1756481640000, 859.75477974
1756481700000, 859.70719856
1756481760000, 859.61327565
1756481820000, 859.55200334
1756481880000, 859.44521708
1756481940000, 859.36424216
1756482000000, 859.31147028
1756482060000, 859.26671992
1756482120000, 859.17249034
1756482180000, 859.17580110
1756482240000, 859.12348542
1756482300000, 859.22447698
1756482360000, 859.25625919
1756482420000, 859.30271722
1756482480000, 859.35784438
1756482540000, 859.37959569
1756482600000, 859.40296237
1756482660000, 859.40820981
1756482720000, 859.42977256
1756482780000, 859.45686682
1756482840000, 859.52278846
1756482900000, 859.55987454
1756482960000, 859.59622784
1756483020000, 859.68487216
1756483080000, 859.68207952
1756483140000, 859.56657625
1756483200000, 859.19234274
1756483260000, 859.12642444
1756483320000, 858.88270453
1756483380000, 858.69607788
1756483440000, 858.41865130
1756483500000, 858.09229150
1756483560000, 857.99201575
1756483620000, 857.43864760
1756483680000, 857.15560513
1756483740000, 857.03023250
1756483800000, 855.78766311
1756483860000, 855.71790670
1756483920000, 855.71615222
1756483980000, 855.74682279
1756484040000, 855.55842387
1756484100000, 855.50674546
1756484160000, 855.47999041
1756484220000, 855.40137738
1756484280000, 855.40683166
1756484340000, 855.45541681
1756484400000, 855.46388042
1756484460000, 855.47402613
1756484520000, 855.58016880
1756484580000, 855.67473341
1756484640000, 855.68310369
1756484700000, 856.46180817
1756484760000, 857.92401381
1756484820000, 858.28566519
1756484880000, 858.38573411
1756484940000, 858.41244413
1756485000000, 858.46285255
1756485060000, 858.47552222
1756485120000, 858.53218747
1756485180000, 858.64338657
1756485240000, 859.06835872
1756485300000, 859.08614207
1756485360000, 859.17703377
1756485420000, 859.16513585
1756485480000, 859.03741896
1756485540000, 859.07317246
1756485600000, 859.10133725
1756485660000, 859.20557512
1756485720000, 859.19834814
1756485780000, 859.20408954
1756485840000, 859.11281937
1756485900000, 859.12966152
1756485960000, 859.11084614
1756486020000, 858.99050188
1756486080000, 858.77498076
1756486140000, 858.68248152
1756486200000, 858.48978279
1756486260000, 858.38434309
1756486320000, 858.30459681
1756486380000, 858.29175977
1756486440000, 858.22406174
1756486500000, 858.18439401
1756486560000, 858.06071971
1756486620000, 858.00555171
1756486680000, 858.00311029
1756486740000, 857.79701718
1756486800000, 857.80886332
1756486860000, 857.83552475
1756486920000, 857.71494030
1756486980000, 857.64527372
1756487040000, 857.61257674
1756487100000, 857.57150100
1756487160000, 857.49981912
1756487220000, 857.43846501
1756487280000, 857.33632081
1756487340000, 857.24775647
1756487400000, 857.17870260
1756487460000, 857.12018542
1756487520000, 857.02679614
1756487580000, 856.84577473
1756487640000, 856.78324210
1756487700000, 856.65412139
1756487760000, 856.39992054
1756487820000, 856.10989508
1756487880000, 855.06898494
1756487940000, 854.93673491
1756488000000, 854.76646425
1756488060000, 854.67846891
1756488120000, 854.67498938
1756488180000, 854.67542370
1756488240000, 854.62214898
1756488300000, 854.72194648
1756488360000, 854.78455619
1756488420000, 854.79613880
1756488480000, 854.77684328
1756488540000, 854.78515917
1756488600000, 854.87758084
1756488660000, 854.87572784
1756488720000, 855.01098752
1756488780000, 855.47111258
1756488840000, 855.49928957
1756488900000, 855.50176719
1756488960000, 855.49410526
1756489020000, 855.48092332
1756489080000, 855.46264445
1756489140000, 855.45856521
1756489200000, 855.37382296
1756489260000, 855.30988019
1756489320000, 855.30067343
1756489380000, 855.30809809
1756489440000, 855.36396476
1756489500000, 856.08241128
1756489560000, 856.27488592
1756489620000, 856.43325135
1756489680000, 857.12250000
1756489740000, 857.14548138
1756489800000, 857.14667408
1756489860000, 857.15035666
1756489920000, 857.15164951
1756489980000, 857.20606191
1756490040000, 857.20288568
1756490100000, 857.21000090
1756490160000, 857.20852029
1756490220000, 857.20986859
1756490280000, 857.22155313
1756490340000, 857.24620090
1756490400000, 857.22446688
1756490460000, 857.19213403
1756490520000, 856.90822370
1756490580000, 856.20126261
1756490640000, 856.09439081
1756490700000, 856.07919137
1756490760000, 856.04728403
1756490820000, 856.05412780
1756490880000, 856.09029401
1756490940000, 856.06038666
1756491000000, 856.08619266
1756491060000, 856.09251993
1756491120000, 856.09180919
1756491180000, 856.10068465
1756491240000, 856.10268163
1756491300000, 856.12083080
1756491360000, 856.14029730
1756491420000, 856.51619909
1756491480000, 856.51010226
1756491540000, 856.63320446
1756491600000, 856.64150355
1756491660000, 856.75555887
1756491720000, 856.73788229
1756491780000, 856.62126272
1756491840000, 856.61105065
1756491900000, 856.59031109
1756491960000, 856.51608962
1756492020000, 856.46689490
1756492080000, 856.45525984
1756492140000, 856.43111603
1756492200000, 856.32257249
1756492260000, 856.28980766
1756492320000, 855.88365107
1756492380000, 855.87592513
1756492440000, 855.24365815
1756492500000, 855.18384824
1756492560000, 855.05046593
1756492620000, 854.93429291
1756492680000, 854.83271558
1756492740000, 854.79324202
1756492800000, 854.73953572
1756492860000, 854.64820089
1756492920000, 854.67077954
1756492980000, 854.68125099
1756493040000, 854.67996880
1756493100000, 854.74411341
1756493160000, 854.73542885
1756493220000, 854.73777184
1756493280000, 854.74053256
1756493340000, 854.75276221
1756493400000, 854.75879618
1756493460000, 854.76966191
1756493520000, 854.75835253
1756493580000, 854.76024715
1756493640000, 854.85238706
1756493700000, 854.87233179
1756493760000, 854.87190181
1756493820000, 854.83796367
1756493880000, 854.50853891
1756493940000, 854.50836496
1756494000000, 854.42161678
1756494060000, 854.41600944
1756494120000, 854.41510861
1756494180000, 854.31391631
1756494240000, 854.46813549
1756494300000, 854.43420656
1756494360000, 854.42737293
1756494420000, 854.40686582
1756494480000, 854.43117109
1756494540000, 854.37870875
1756494600000, 854.39730561
1756494660000, 854.40830934
1756494720000, 854.46451582
1756494780000, 854.62024607
1756494840000, 854.97482145
1756494900000, 855.21939436
1756494960000, 855.28138412
1756495020000, 855.29570529
1756495080000, 855.48919513
1756495140000, 856.16275324
1756495200000, 856.23241686
1756495260000, 856.28552198
1756495320000, 856.44404039
1756495380000, 857.03204634
1756495440000, 857.09308772
1756495500000, 857.14219337
1756495560000, 857.17105695
1756495620000, 857.39851248
1756495680000, 857.64189488
1756495740000, 858.19828112
1756495800000, 858.23085041
1756495860000, 858.55180157
1756495920000, 858.61025753
1756495980000, 858.59295840
1756496040000, 858.71563820
1756496100000, 858.71758938
1756496160000, 858.67436584
1756496220000, 858.62966211
1756496280000, 858.61674356
1756496340000, 858.61753453
1756496400000, 858.66278529
1756496460000, 858.66336583
1756496520000, 858.70574946
1756496580000, 858.82237156
1756496640000, 858.81297518
1756496700000, 858.87120440
1756496760000, 858.90150598
1756496820000, 858.92997143
1756496880000, 859.17489601
1756496940000, 859.34662142
1756497000000, 859.36575778
1756497060000, 859.41089348
1756497120000, 859.45459959
1756497180000, 859.45544012
1756497240000, 859.40476135
1756497300000, 859.39142759
1756497360000, 859.29158303
1756497420000, 859.22914845
1756497480000, 859.15503938
1756497540000, 859.14312293
1756497600000, 859.09517911
1756497660000, 858.98078545
1756497720000, 858.95830656
1756497780000, 858.91904436
1756497840000, 858.80202987
1756497900000, 858.75600761
1756497960000, 858.39172755
1756498020000, 858.32075297
1756498080000, 858.29599996
1756498140000, 858.09015419
1756498200000, 858.06047605
1756498260000, 857.81194306
1756498320000, 857.71681721
1756498380000, 857.47099573
1756498440000, 857.45952655
1756498500000, 857.44667255
1756498560000, 857.40843015
1756498620000, 857.40121108
1756498680000, 857.39709789
1756498740000, 857.37795896
1756498800000, 857.36984971
1756498860000, 857.20981232
1756498920000, 857.22384442
1756498980000, 857.23320501
1756499040000, 857.45708491
1756499100000, 857.47179530
1756499160000, 857.67032908
1756499220000, 857.82804144
1756499280000, 857.97710957
1756499340000, 858.20381462
1756499400000, 858.20428199
1756499460000, 858.20497030
1756499520000, 858.22166800
1756499580000, 858.27628620
1756499640000, 858.27814558
1756499700000, 858.24694066
1756499760000, 857.97292740
1756499820000, 857.85310700
1756499880000, 857.84643978
1756499940000, 857.79259156
1756500000000, 857.76806920
1756500060000, 857.74383108
1756500120000, 857.66094091
1756500180000, 857.65797750
1756500240000, 857.16344477
1756500300000, 857.11491442
1756500360000, 857.00031768
1756500420000, 857.01461297
1756500480000, 857.00433854
1756500540000, 857.00246956
1756500600000, 856.93601319
1756500660000, 856.58296083
1756500720000, 856.46546056
1756500780000, 856.17392789
1756500840000, 856.12090373
1756500900000, 856.11759943
1756500960000, 856.08860617
1756501020000, 856.08461843
1756501080000, 856.07298624
1756501140000, 855.95148573
1756501200000, 855.92920907
1756501260000, 855.87614786
1756501320000, 855.61301675
1756501380000, 855.50896048
1756501440000, 855.13817712
1756501500000, 854.81449368
1756501560000, 854.81591579
1756501620000, 854.84269800
1756501680000, 854.58542726
1756501740000, 855.19468889
1756501800000, 855.24165842
1756501860000, 855.24335635
1756501920000, 855.25970253
1756501980000, 855.29033047
1756502040000, 855.30868469
1756502100000, 855.66898787
1756502160000, 855.66733073
1756502220000, 855.67025841
1756502280000, 855.72125895
1756502340000, 856.29030017
1756502400000, 856.80943220
1756502460000, 856.82093278
1756502520000, 856.84310867
1756502580000, 856.86341050
1756502640000, 856.97778346
1756502700000, 857.01062479
1756502760000, 857.00442985
1756502820000, 857.00699919
1756502880000, 857.04200886
1756502940000, 857.06400326
1756503000000, 857.02256795
1756503060000, 857.03523490
1756503120000, 857.06167495
1756503180000, 857.22024475
1756503240000, 857.29305230
1756503300000, 857.34811940
1756503360000, 857.47005672
1756503420000, 857.55492520
1756503480000, 857.58771797
1756503540000, 858.06083017
1756503600000, 858.33929262
1756503660000, 858.44416406
1756503720000, 858.60658701
1756503780000, 858.80393342
1756503840000, 858.95368165
1756503900000, 859.09866493
1756503960000, 859.12677322
1756504020000, 859.16051418
1756504080000, 859.24324252
1756504140000, 859.26078558
1756504200000, 859.31622344
1756504260000, 859.42190994
1756504320000, 859.50239590
1756504380000, 859.51462721
1756504440000, 859.52791357
1756504500000, 859.44064662
1756504560000, 859.42708485
1756504620000, 859.41348205
1756504680000, 859.40593984
1756504740000, 859.36888720
1756504800000, 859.20248950
1756504860000, 859.19906889
1756504920000, 859.15779466
1756504980000, 859.13629244
1756505040000, 859.13055218
1756505100000, 859.11203422
1756505160000, 859.08234237
1756505220000, 858.97328551
1756505280000, 858.81117137
1756505340000, 858.70965609
1756505400000, 858.20913165
1756505460000, 858.08450450
1756505520000, 858.04502984
1756505580000, 858.03967283
1756505640000, 858.01845078
1756505700000, 857.74826618
1756505760000, 857.72742967
1756505820000, 857.71729972
1756505880000, 857.68394382
1756505940000, 857.68556752
1756506000000, 857.69784936
1756506060000, 857.86594138
1756506120000, 857.86849400
1756506180000, 857.86846061
1756506240000, 857.86289299
1756506300000, 857.85215707
1756506360000, 857.84527530
1756506420000, 857.85343635
1756506480000, 857.85462403
1756506540000, 857.89755779
1756506600000, 857.97640320
1756506660000, 857.97431892
1756506720000, 857.99300891
1756506780000, 857.99986924
1756506840000, 858.02618435
1756506900000, 858.04819750
1756506960000, 858.23084257
1756507020000, 858.49861710
1756507080000, 858.64317077
1756507140000, 858.64176247
1756507200000, 858.62472089
1756507260000, 858.67026769
1756507320000, 858.74161517
1756507380000, 858.74997426
1756507440000, 858.81832874
1756507500000, 858.82758782
1756507560000, 858.83217025
1756507620000, 858.87070395
1756507680000, 858.77711302
1756507740000, 858.62360609
1756507800000, 858.56540900
1756507860000, 858.54187414
1756507920000, 858.53705451
1756507980000, 858.54029714
1756508040000, 858.54035435
1756508100000, 858.57443600
1756508160000, 858.63391118
1756508220000, 858.67161202
1756508280000, 858.67264626
1756508340000, 858.69950639
1756508400000, 858.69914189
1756508460000, 858.69886933
1756508520000, 858.71082655
1756508580000, 858.70982405
1756508640000, 858.94046451
1756508700000, 859.13308057
1756508760000, 859.19480357
1756508820000, 859.19774221
1756508880000, 859.19791312
1756508940000, 859.20213116
1756509000000, 859.20026961
1756509060000, 859.23844495
1756509120000, 859.29309232
1756509180000, 859.29685165
1756509240000, 859.29517791
1756509300000, 859.30025910
1756509360000, 859.29814582
1756509420000, 859.30129555
1756509480000, 859.34881272
1756509540000, 859.33026209
1756509600000, 859.63048958
1756509660000, 859.86567307
1756509720000, 859.94301291
1756509780000, 861.09912893
1756509840000, 861.10966012
1756509900000, 861.11508555
1756509960000, 861.11673328
1756510020000, 861.16096220
1756510080000, 861.16846006
1756510140000, 861.16863172
1756510200000, 861.17477633
1756510260000, 861.32382794
1756510320000, 861.32656216
1756510380000, 861.34279591
1756510440000, 861.35184069
1756510500000, 861.40357811
1756510560000, 861.43296034
1756510620000, 861.47560833
1756510680000, 862.48215451
1756510740000, 862.57674024
1756510800000, 862.62117679
1756510860000, 862.63341172
1756510920000, 862.67868709
1756510980000, 862.72262752
1756511040000, 862.85546487
1756511100000, 862.88805065
1756511160000, 863.20062814
1756511220000, 863.34434184
1756511280000, 863.36150961
1756511340000, 863.40819122
1756511400000, 863.43574995
1756511460000, 863.49460242
1756511520000, 863.56055635
1756511580000, 863.58664920
1756511640000, 863.67783163
1756511700000, 863.67581009
1756511760000, 863.70765721
1756511820000, 863.75479349
1756511880000, 863.76770015
1756511940000, 863.72622402
1756512000000, 863.68927396
1756512060000, 863.55818898
1756512120000, 862.26982455
1756512180000, 861.79045254
1756512240000, 861.74996464
1756512300000, 861.73095748
1756512360000, 861.68891229
1756512420000, 861.67748617
1756512480000, 861.64168113
1756512540000, 861.54169428
1756512600000, 861.54176462
1756512660000, 861.51486312
1756512720000, 860.77893525
1756512780000, 860.59835437
1756512840000, 860.54668882
1756512900000, 860.49562419
1756512960000, 860.48280914
1756513020000, 860.33575897
1756513080000, 860.09182634
1756513140000, 860.04863777
1756513200000, 860.04318619
1756513260000, 859.95523203
1756513320000, 859.93477346
1756513380000, 859.93150207
1756513440000, 859.91577651
1756513500000, 859.88994239
1756513560000, 859.87436102
1756513620000, 859.09239082
1756513680000, 858.62561420
1756513740000, 858.43195782
1756513800000, 858.34927941
1756513860000, 858.33572513
1756513920000, 858.30479489
1756513980000, 858.05059632
1756514040000, 858.03493845
1756514100000, 858.02719111
1756514160000, 857.92001198
1756514220000, 857.88526957
1756514280000, 857.87750028
1756514340000, 857.86693422
1756514400000, 857.80715382
1756514460000, 857.79046081
1756514520000, 857.76717982
1756514580000, 857.76341142
1756514640000, 857.56614729
1756514700000, 857.58783700
1756514760000, 857.57684716
1756514820000, 857.69451793
1756514880000, 857.96578015
1756514940000, 858.00610502
1756515000000, 858.34114704
1756515060000, 858.46645318
1756515120000, 859.00187958
1756515180000, 859.02716633
1756515240000, 859.11777252
1756515300000, 859.16174740
1756515360000, 859.16061779
1756515420000, 859.12819025
1756515480000, 859.13061632
1756515540000, 859.16931054
1756515600000, 859.19388860
1756515660000, 859.21767119
1756515720000, 859.27232487
1756515780000, 859.29884352
1756515840000, 859.31971567
1756515900000, 859.39870247
1756515960000, 859.43075961
1756516020000, 859.32200563
1756516080000, 859.34747551
1756516140000, 859.33509829
1756516200000, 859.35721457
1756516260000, 859.37566723
1756516320000, 859.91549827
1756516380000, 859.99651192
1756516440000, 860.08855026
1756516500000, 860.08831072
1756516560000, 860.03508582
1756516620000, 860.04332101
1756516680000, 860.04906935
1756516740000, 860.05132237
1756516800000, 860.01028795
1756516860000, 859.97891403
1756516920000, 859.97743499
1756516980000, 859.95123310
1756517040000, 859.92755126
1756517100000, 859.90223135
1756517160000, 859.82543064
1756517220000, 859.59257684
1756517280000, 859.58875766
1756517340000, 859.45416401
1756517400000, 859.18907182
1756517460000, 858.78667068
1756517520000, 858.47705836
1756517580000, 858.29298528
1756517640000, 858.25288068
1756517700000, 858.19164344
1756517760000, 858.19293216
1756517820000, 858.15339735
1756517880000, 858.09786105
1756517940000, 858.02153192
1756518000000, 858.01057238
1756518060000, 857.96950658
1756518120000, 857.79011090
1756518180000, 857.78866731
1756518240000, 857.76508923
1756518300000, 857.75589190
1756518360000, 857.75027025
1756518420000, 857.60487764
1756518480000, 857.59480710
1756518540000, 857.53056810
1756518600000, 857.46706216
1756518660000, 857.43833751
1756518720000, 857.35980184
1756518780000, 857.25540289
1756518840000, 856.95375639
1756518900000, 855.48035824
1756518960000, 855.29327244
1756519020000, 854.97397701
1756519080000, 854.88489881
1756519140000, 854.76625538
1756519200000, 854.68441470
1756519260000, 854.43686563
1756519320000, 854.31121711
1756519380000, 854.29680880
1756519440000, 854.29595427
1756519500000, 854.28452900
1756519560000, 854.29012469
1756519620000, 854.28560752
1756519680000, 854.28666995
1756519740000, 854.27269665
1756519800000, 853.92797114
1756519860000, 854.34608095
1756519920000, 854.43473324
1756519980000, 854.50582119
1756520040000, 854.61595457
1756520100000, 854.73406041
1756520160000, 855.61662611
1756520220000, 855.96373116
1756520280000, 856.32635584
1756520340000, 856.39297379
1756520400000, 856.41424313
1756520460000, 856.48493087
1756520520000, 856.62835367
1756520580000, 856.95022135
1756520640000, 857.00143911
1756520700000, 857.04102526
1756520760000, 857.30456122
1756520820000, 857.31787569
1756520880000, 857.34148062
1756520940000, 857.36281215
1756521000000, 857.36726049
1756521060000, 857.47145317
1756521120000, 857.51387994
1756521180000, 857.59081257
1756521240000, 857.63070500
1756521300000, 857.63589138
1756521360000, 857.63206706
1756521420000, 857.72808898
1756521480000, 857.86129149
1756521540000, 857.91130574
1756521600000, 858.45470843
1756521660000, 858.68972409
1756521720000, 858.71276897
1756521780000, 858.80016034
1756521840000, 858.88988541
1756521900000, 858.89347966
1756521960000, 858.88923137
1756522020000, 858.89852443
1756522080000, 858.37595213
1756522140000, 858.36351426
1756522200000, 858.35313561
1756522260000, 858.35263203
1756522320000, 858.25592963
1756522380000, 858.24377706
1756522440000, 858.22488743
1756522500000, 857.76523243
1756522560000, 857.70492540
1756522620000, 857.62905096
1756522680000, 857.61589735
1756522740000, 857.60762470
1756522800000, 857.60515470
1756522860000, 857.58404288
1756522920000, 857.56946182
1756522980000, 856.96362626
1756523040000, 856.92320870
1756523100000, 856.93305259
1756523160000, 856.94403671
1756523220000, 856.87072803
1756523280000, 856.92207696
1756523340000, 856.92416292
1756523400000, 856.92606866
1756523460000, 857.01078985
1756523520000, 857.45516073
1756523580000, 857.47123525
1756523640000, 857.47842478
1756523700000, 857.52964250
1756523760000, 857.68580245
1756523820000, 858.02721421
1756523880000, 858.17661228
1756523940000, 858.30133455
1756524000000, 858.38747428
1756524060000, 858.46719686
1756524120000, 858.56979456
1756524180000, 858.99324528
1756524240000, 859.13127003
1756524300000, 859.23380728
1756524360000, 860.41642873
1756524420000, 860.66024025
1756524480000, 860.69148175
1756524540000, 860.70048889
1756524600000, 860.73208526
1756524660000, 860.77198649
1756524720000, 860.88049229
1756524780000, 860.91293015
1756524840000, 860.96992909
1756524900000, 860.98522332
1756524960000, 861.01366096
1756525020000, 861.06450930
1756525080000, 861.15076121
1756525140000, 861.15437278
1756525200000, 861.15846898
1756525260000, 861.15288830
1756525320000, 861.07765624
1756525380000, 860.99065545
1756525440000, 860.97707331
1756525500000, 860.95216953
1756525560000, 860.94422823
1756525620000, 860.91884905
1756525680000, 860.72858518
1756525740000, 860.68655101
1756525800000, 860.72496484
1756525860000, 860.79002163
1756525920000, 860.80895910
1756525980000, 860.84503254
1756526040000, 860.85414997
1756526100000, 860.85599343
1756526160000, 860.87000083
1756526220000, 860.98105170
1756526280000, 860.99195792
1756526340000, 860.91906830
1756526400000, 860.90314015
1756526460000, 860.82894553
1756526520000, 860.79084008
1756526580000, 860.78026146
1756526640000, 860.76966686
1756526700000, 860.66522674
1756526760000, 860.64560440
1756526820000, 860.63501560
1756526880000, 860.59641657
1756526940000, 860.57441724
1756527000000, 860.56697634
1756527060000, 860.55500997
1756527120000, 860.45089984
1756527180000, 860.36039348
1756527240000, 860.34091172
1756527300000, 860.31743834
1756527360000, 860.24108325
1756527420000, 860.16778337
1756527480000, 860.18873931
1756527540000, 860.19143624
1756527600000, 860.30680744
1756527660000, 860.30697952
1756527720000, 860.32399891
1756527780000, 860.32465754
1756527840000, 860.40826717
1756527900000, 860.47827078
1756527960000, 860.51550333
1756528020000, 860.77932232
1756528080000, 860.84825159
1756528140000, 860.85549833
1756528200000, 860.95561797
1756528260000, 860.90953300
1756528320000, 860.91437285
1756528380000, 860.87373686
1756528440000, 860.86872582
1756528500000, 860.86605645
1756528560000, 860.86320945
1756528620000, 860.69889939
1756528680000, 860.64293171
1756528740000, 860.45948483
1756528800000, 860.08151114
1756528860000, 860.07355151
1756528920000, 859.92512441
1756528980000, 859.34666256
1756529040000, 859.34347376
1756529100000, 859.22518237
1756529160000, 858.61632039
1756529220000, 858.50709369
1756529280000, 858.46539775
1756529340000, 858.45857808
1756529400000, 858.45403025
1756529460000, 858.45211360
1756529520000, 858.31963939
1756529580000, 858.31187740
1756529640000, 858.21323792
1756529700000, 858.14411390
1756529760000, 858.13611512
1756529820000, 858.13214430
1756529880000, 857.94856356
1756529940000, 857.93676713
1756530000000, 857.91905378
1756530060000, 857.91480819
1756530120000, 857.88731086
1756530180000, 857.88331130
1756530240000, 857.78569211
1756530300000, 857.76575393
1756530360000, 857.73200507
1756530420000, 857.72235234
1756530480000, 857.73580091
1756530540000, 857.74219470
1756530600000, 857.75371608
1756530660000, 857.76424114
1756530720000, 857.74870286
1756530780000, 857.71619947
1756530840000, 857.78720902
1756530900000, 857.81766578
1756530960000, 857.82714542
1756531020000, 857.86455956
1756531080000, 857.95585942
1756531140000, 858.03258673
1756531200000, 858.08061606
1756531260000, 858.15063238
1756531320000, 858.17473467
1756531380000, 858.19508611
1756531440000, 858.24300084
1756531500000, 858.24464742
1756531560000, 858.27422337
1756531620000, 858.27571246
1756531680000, 858.27609205
1756531740000, 858.27319022
1756531800000, 858.27001179
1756531860000, 858.27548888
1756531920000, 858.28001154
1756531980000, 858.29605059
1756532040000, 858.29313664
1756532100000, 858.30454628
1756532160000, 858.30109505
1756532220000, 858.31790727
1756532280000, 858.86094745
1756532340000, 858.99670879
1756532400000, 859.10382678
1756532460000, 859.11803500
1756532520000, 859.14598060
1756532580000, 859.16699653
1756532640000, 859.18477864
1756532700000, 859.22476525
1756532760000, 859.23616440
1756532820000, 859.24806544
1756532880000, 859.25309073
1756532940000, 859.26376624
1756533000000, 859.26467073
1756533060000, 859.26366367
1756533120000, 859.26672750
1756533180000, 859.30788946
1756533240000, 859.31923394
1756533300000, 859.56697531
1756533360000, 859.47483339
1756533420000, 859.47215458
1756533480000, 859.42871601
1756533540000, 859.33610260
1756533600000, 859.24302162
1756533660000, 859.13595743
1756533720000, 859.11800469
1756533780000, 859.09337438
1756533840000, 859.09868429
1756533900000, 859.36333984
1756533960000, 859.38516160
1756534020000, 859.38058686
1756534080000, 859.36870827
1756534140000, 859.36910436
1756534200000, 859.41465201
1756534260000, 859.64697101
1756534320000, 859.73082434
1756534380000, 859.74699939
1756534440000, 859.79543284
1756534500000, 859.81472279
1756534560000, 859.91156286
1756534620000, 859.90600620
1756534680000, 859.90773832
1756534740000, 859.87071915
1756534800000, 859.76727804
1756534860000, 859.75371387
1756534920000, 859.75044765
1756534980000, 859.66549259
1756535040000, 859.66564441
1756535100000, 859.67607439
1756535160000, 859.58665545
1756535220000, 859.47354286
1756535280000, 859.61309927
1756535340000, 859.75754676
1756535400000, 859.75849599
1756535460000, 859.78764905
1756535520000, 859.79799685
1756535580000, 859.91382643
1756535640000, 859.97249575
1756535700000, 860.02867359
1756535760000, 860.04849932
1756535820000, 860.13527838
1756535880000, 860.28796336
1756535940000, 860.30330500
1756536000000, 860.32389027
1756536060000, 860.35365366
1756536120000, 860.49949070
1756536180000, 860.59372230
1756536240000, 860.64130581
1756536300000, 860.64582151
1756536360000, 860.72142404
1756536420000, 860.72799154
1756536480000, 860.77081654
1756536540000, 860.91773826
1756536600000, 860.99587560
1756536660000, 861.01520935
1756536720000, 861.03551316
1756536780000, 860.98811713
1756536840000, 860.93176098
1756536900000, 860.91974226
1756536960000, 861.20601401
1756537020000, 861.20371447
1756537080000, 861.20150749
1756537140000, 861.20105150
1756537200000, 861.18416814
1756537260000, 861.18062946
1756537320000, 861.18630608
1756537380000, 861.18931449
1756537440000, 861.19761001
1756537500000, 861.21436614
1756537560000, 861.20352044
1756537620000, 861.21988219
1756537680000, 861.17458036
1756537740000, 861.19974278
1756537800000, 861.20726646
1756537860000, 860.90169700
1756537920000, 860.88212935
1756537980000, 860.86420337
1756538040000, 860.82514387
1756538100000, 860.76095500
1756538160000, 860.75348444
1756538220000, 860.72100549
1756538280000, 860.70279140
1756538340000, 860.65563690
1756538400000, 860.60265606
1756538460000, 860.48755180
1756538520000, 860.46464918
1756538580000, 860.35629064
1756538640000, 860.33784699
1756538700000, 860.33885593
1756538760000, 860.33806305
1756538820000, 860.33148264
1756538880000, 860.36032693
1756538940000, 860.36426092
1756539000000, 860.33880309
1756539060000, 860.33757720
1756539120000, 860.32104636
1756539180000, 860.35957110
1756539240000, 860.37955547
1756539300000, 860.38881957
1756539360000, 860.57869115
1756539420000, 860.57954240
1756539480000, 860.60518044
1756539540000, 860.66531350
1756539600000, 860.66043054
1756539660000, 860.92390716
1756539720000, 860.93860709
1756539780000, 861.06332536
1756539840000, 861.07198522
1756539900000, 861.08806442
1756539960000, 861.08876491
1756540020000, 861.09674027
1756540080000, 861.10170263
1756540140000, 861.10369438
1756540200000, 861.10561783
1756540260000, 861.19893727
1756540320000, 861.21427224
1756540380000, 861.22115576
1756540440000, 861.21479190
1756540500000, 861.22954638
1756540560000, 861.17966057
1756540620000, 861.18409481
1756540680000, 861.15419793
1756540740000, 861.09460763
1756540800000, 860.98723338
1756540860000, 860.94392596
1756540920000, 860.84846187
1756540980000, 860.82359051
1756541040000, 860.79793079
1756541100000, 860.79588968
1756541160000, 860.77328773
1756541220000, 860.77406037
1756541280000, 860.81772937
1756541340000, 860.83613378
1756541400000, 860.83222927
1756541460000, 860.82168950
1756541520000, 860.80656636
1756541580000, 860.80178115
1756541640000, 860.80643766
1756541700000, 860.81836006
1756541760000, 860.82753925
1756541820000, 860.83800852
1756541880000, 860.83818175
1756541940000, 860.82170780
1756542000000, 860.80861276
1756542060000, 860.81157174
1756542120000, 860.80288700
1756542180000, 860.71511175
1756542240000, 860.66122795
1756542300000, 860.63254009
1756542360000, 860.62873842
1756542420000, 860.62685924
1756542480000, 860.56731607
1756542540000, 860.59955203
1756542600000, 860.68389580
1756542660000, 860.68722228
1756542720000, 860.68668342
1756542780000, 860.72533220
1756542840000, 860.72415817
1756542900000, 860.72149093
1756542960000, 860.71067104
1756543020000, 860.68430894
1756543080000, 860.68213579
1756543140000, 860.70427655
1756543200000, 860.68517872
1756543260000, 860.66810423
1756543320000, 860.66303845
1756543380000, 860.68211585
1756543440000, 860.68082653
1756543500000, 860.63005810
1756543560000, 860.61559635
1756543620000, 860.54966605
1756543680000, 860.50807231
1756543740000, 860.46597056
1756543800000, 860.41796476
1756543860000, 860.38195818
1756543920000, 860.32976989
1756543980000, 860.29537618
1756544040000, 860.28085686
1756544100000, 860.24075556
1756544160000, 860.20441438
1756544220000, 860.06944593
1756544280000, 859.97920009
1756544340000, 859.91284591
1756544400000, 859.86324933
1756544460000, 859.79821062
1756544520000, 859.74127223
1756544580000, 859.71882046
1756544640000, 859.71916508
1756544700000, 859.72169992
1756544760000, 859.70331855
1756544820000, 859.90207995
1756544880000, 859.89199091
1756544940000, 859.84176916
1756545000000, 859.81859230
1756545060000, 859.81923651
1756545120000, 859.82103931
1756545180000, 859.74351945
1756545240000, 859.71995174
1756545300000, 859.70650161
1756545360000, 859.70665696
1756545420000, 859.71243063
1756545480000, 859.71950699
1756545540000, 859.72215284
1756545600000, 859.72282539
1756545660000, 859.71964100
1756545720000, 859.46729395
1756545780000, 859.58086834
1756545840000, 859.59591761
1756545900000, 859.62914436
1756545960000, 859.63756006
1756546020000, 859.64598417
1756546080000, 859.68846123
1756546140000, 859.71793000
1756546200000, 859.74753207
1756546260000, 859.72853259
1756546320000, 859.72087453
1756546380000, 859.70391928
1756546440000, 859.69521523
1756546500000, 859.55475089
1756546560000, 859.53277680
1756546620000, 859.53898147
1756546680000, 859.39491629
1756546740000, 859.37316230
1756546800000, 859.30997056
1756546860000, 859.27917584
1756546920000, 859.22170204
1756546980000, 859.18523958
1756547040000, 859.07718388
1756547100000, 859.04162935
1756547160000, 858.95440053
1756547220000, 858.94317699
1756547280000, 858.94839925
1756547340000, 858.93891446
1756547400000, 858.91675016
1756547460000, 859.05173817
1756547520000, 859.06111081
1756547580000, 859.05731167
1756547640000, 859.22289009
1756547700000, 859.24541305
1756547760000, 859.26966791
1756547820000, 859.31723401
1756547880000, 859.40190169
1756547940000, 859.62812650
1756548000000, 859.62176685
1756548060000, 859.67017276
1756548120000, 859.70106531
1756548180000, 859.72017392
1756548240000, 859.71153207
1756548300000, 859.70410477
1756548360000, 859.64142527
1756548420000, 859.63748530
1756548480000, 859.63702681
1756548540000, 859.55690119
1756548600000, 859.54526910
1756548660000, 859.53125950
1756548720000, 859.53364821
1756548780000, 859.54161819
1756548840000, 859.56983395
1756548900000, 859.58349806
1756548960000, 859.65592992
1756549020000, 859.86654578
1756549080000, 859.91017659
1756549140000, 859.94265370
1756549200000, 859.97080626
1756549260000, 860.31041972
1756549320000, 860.34435102
1756549380000, 860.36474841
1756549440000, 860.37085737
1756549500000, 860.38758894
1756549560000, 860.40207258
1756549620000, 860.41643629
1756549680000, 860.42863074
1756549740000, 860.53014932
1756549800000, 860.58776261
1756549860000, 860.77191124
1756549920000, 860.86350209
1756549980000, 860.84555160
1756550040000, 860.84102673
1756550100000, 860.79394351
1756550160000, 860.71111922
1756550220000, 860.53224062
1756550280000, 860.49382770
1756550340000, 860.38036421
1756550400000, 860.37708758
1756550460000, 860.34521878
1756550520000, 860.28299343
1756550580000, 859.88762185
1756550640000, 859.79893640
1756550700000, 859.72899669
1756550760000, 859.52865670
1756550820000, 859.51835663
1756550880000, 859.50769364
1756550940000, 859.50458285
1756551000000, 859.49591343
1756551060000, 859.49673682
1756551120000, 859.45522628
1756551180000, 859.45254932
1756551240000, 859.46444659
1756551300000, 859.46882665
1756551360000, 859.47080323
1756551420000, 859.47025181
1756551480000, 859.64736170
1756551540000, 859.79132681
1756551600000, 860.04206261
1756551660000, 860.09705221
1756551720000, 860.11691242
1756551780000, 860.13327225
1756551840000, 860.09097230
1756551900000, 860.08081507
1756551960000, 860.08733331
1756552020000, 860.09274073
1756552080000, 860.09960324
1756552140000, 860.10852237
1756552200000, 860.18181475
1756552260000, 860.19554804
1756552320000, 860.25856658
1756552380000, 860.26891653
1756552440000, 860.27835728
1756552500000, 860.31985701
1756552560000, 860.37660227
1756552620000, 860.39554936
1756552680000, 860.39382140
1756552740000, 860.63699931
1756552800000, 860.71896909
1756552860000, 860.83476719
1756552920000, 860.82459612
1756552980000, 860.79513168
1756553040000, 860.78317434
1756553100000, 860.79912063
1756553160000, 860.78277569
1756553220000, 860.73072823
1756553280000, 860.72297427
1756553340000, 860.71284404
1756553400000, 860.69448052
1756553460000, 860.61358523
1756553520000, 860.54383830
1756553580000, 860.51786920
1756553640000, 860.50554495
1756553700000, 860.46343627
1756553760000, 860.41554615
1756553820000, 860.31957811
1756553880000, 860.19697101
1756553940000, 860.17025258
1756554000000, 860.12329713
1756554060000, 860.06235361
1756554120000, 860.03329482
1756554180000, 859.98007554
1756554240000, 859.97075939
1756554300000, 859.95508564
1756554360000, 859.77667370
1756554420000, 859.58198812
1756554480000, 859.56180791
1756554540000, 859.57968693
1756554600000, 859.57897044
1756554660000, 859.57571476
1756554720000, 859.58523167
1756554780000, 859.64359049
1756554840000, 859.67564022
1756554900000, 859.73291970
1756554960000, 859.81335317
1756555020000, 859.88087911
1756555080000, 860.01699846
1756555140000, 860.05353691
1756555200000, 860.17787734
1756555260000, 860.22748630
1756555320000, 860.23471062
1756555380000, 860.25705779
1756555440000, 860.23361543
1756555500000, 860.17997856
1756555560000, 860.06286131
1756555620000, 860.07109841
1756555680000, 860.06621080
1756555740000, 859.99331459
1756555800000, 859.96518217
1756555860000, 859.92406947
1756555920000, 859.87532369
1756555980000, 859.83753870
1756556040000, 859.81433511
1756556100000, 859.66086793
1756556160000, 859.54383902
1756556220000, 859.46724824
1756556280000, 859.32216629
1756556340000, 859.26677149
1756556400000, 859.19904948
1756556460000, 859.07202720
1756556520000, 859.00046932
1756556580000, 858.97547856
1756556640000, 858.84643666
1756556700000, 858.81119905
1756556760000, 858.73640546
1756556820000, 858.60182640
1756556880000, 858.56607716
1756556940000, 858.53341343
1756557000000, 858.40063116
1756557060000, 858.27784943
1756557120000, 858.13342780
1756557180000, 858.00133747
1756557240000, 857.91499406
1756557300000, 856.48278696
1756557360000, 856.27351594
1756557420000, 856.22265699
1756557480000, 855.05090778
1756557540000, 854.95179421
1756557600000, 854.92425963
1756557660000, 854.87031392
1756557720000, 854.75125103
1756557780000, 854.72950426
1756557840000, 854.71869531
1756557900000, 854.65267818
1756557960000, 854.62741868
1756558020000, 854.61907003
1756558080000, 854.61665942
1756558140000, 854.61412084
1756558200000, 854.42954946
1756558260000, 854.41049095
1756558320000, 854.40671398
1756558380000, 853.66998019
1756558440000, 853.76505500
1756558500000, 853.80100783
1756558560000, 854.06540355
1756558620000, 854.51658637
1756558680000, 854.81645749
1756558740000, 854.95129977
1756558800000, 855.11132535
1756558860000, 855.19121852
1756558920000, 855.20526841
1756558980000, 855.10544011
1756559040000, 855.09540282
1756559100000, 855.08345209
1756559160000, 855.04260159
1756559220000, 854.90188547
1756559280000, 854.51772104
1756559340000, 853.69873556
1756559400000, 853.70103396
1756559460000, 853.66216170
1756559520000, 853.65568041
1756559580000, 853.57986093
1756559640000, 853.54564983
1756559700000, 853.52724603
1756559760000, 853.51320339
1756559820000, 853.45413641
1756559880000, 853.38607998
1756559940000, 853.38048352
1756560000000, 853.37334271
1756560060000, 853.36869664
1756560120000, 853.35600563
1756560180000, 853.35439999
1756560240000, 852.62396670
1756560300000, 852.38299906
1756560360000, 852.33304922
1756560420000, 852.34511238
1756560480000, 852.45367796
1756560540000, 852.45589279
1756560600000, 852.46298994
1756560660000, 852.50084985
1756560720000, 852.77662303
1756560780000, 852.83644649
1756560840000, 853.15407476
1756560900000, 853.15941295
1756560960000, 853.19333277
1756561020000, 853.22557099
1756561080000, 853.24294721
1756561140000, 853.30105769
1756561200000, 853.32511810
1756561260000, 853.33196531
1756561320000, 853.37169828
1756561380000, 853.37663643
1756561440000, 853.29699034
1756561500000, 853.29524487
1756561560000, 853.30189527
1756561620000, 853.28680770
1756561680000, 853.28634756
1756561740000, 853.28083464
1756561800000, 853.28666754
1756561860000, 853.24116184
1756561920000, 853.23913547
1756561980000, 853.27469380
1756562040000, 853.32197494
1756562100000, 853.35429390
1756562160000, 853.42126096
1756562220000, 853.38187001
1756562280000, 853.39284593
1756562340000, 854.04547654
1756562400000, 854.62926111
1756562460000, 854.68647232
1756562520000, 854.79899773
1756562580000, 854.81121475
1756562640000, 854.83246565
1756562700000, 854.82434065
1756562760000, 854.83300533
1756562820000, 854.84627089
1756562880000, 854.85958487
1756562940000, 854.87181681
1756563000000, 854.87155462
1756563060000, 854.86209971
1756563120000, 854.76676604
1756563180000, 854.74117298
1756563240000, 854.82155655
1756563300000, 854.12817558
1756563360000, 854.05572596
1756563420000, 853.98778527
1756563480000, 853.93179243
1756563540000, 853.92933745
1756563600000, 853.91558204
1756563660000, 853.85604124
1756563720000, 853.78520047
1756563780000, 853.78043495
1756563840000, 853.73783364
1756563900000, 853.69459048
1756563960000, 853.68853549
1756564020000, 853.67943694
1756564080000, 853.72040543
1756564140000, 853.72218461
1756564200000, 853.71680584
1756564260000, 853.76924918
1756564320000, 853.97916914
1756564380000, 854.05436114
1756564440000, 854.05817606
1756564500000, 854.08532175
1756564560000, 854.34514686
1756564620000, 854.42864071
1756564680000, 854.47899144
1756564740000, 854.67947572
1756564800000, 854.92346169
1756564860000, 855.05772560
1756564920000, 855.13375664
1756564980000, 855.29498683
1756565040000, 855.38864144
1756565100000, 855.55919981
1756565160000, 855.63508407
1756565220000, 855.73740926
1756565280000, 855.79117626
1756565340000, 855.85212882
1756565400000, 855.90721720
1756565460000, 856.19279953
1756565520000, 856.28662677
1756565580000, 856.52471930
1756565640000, 856.65111326
1756565700000, 856.90123985
1756565760000, 856.98606276
1756565820000, 856.99467911
1756565880000, 857.00137240
1756565940000, 857.03963824
1756566000000, 857.14541542
1756566060000, 857.13829518
1756566120000, 857.15148533
1756566180000, 857.13027104
1756566240000, 857.12921937
1756566300000, 857.07882478
1756566360000, 857.03970235
1756566420000, 856.88519729
1756566480000, 856.83046202
1756566540000, 856.77841416
1756566600000, 856.59855220
1756566660000, 856.56841067
1756566720000, 856.54993818
1756566780000, 856.57060808
1756566840000, 856.54223055
1756566900000, 856.55577493
1756566960000, 856.63950623
1756567020000, 856.71932831
1756567080000, 856.74314392
1756567140000, 856.75453791
1756567200000, 856.82909343
1756567260000, 856.84565875
1756567320000, 857.29378269
1756567380000, 857.41906259
1756567440000, 857.61907692
1756567500000, 857.63120949
1756567560000, 857.77145362
1756567620000, 857.91291845
1756567680000, 858.19839723
1756567740000, 858.23547665
1756567800000, 858.30998483
1756567860000, 858.40532987
1756567920000, 858.42128177
1756567980000, 858.30525171
1756568040000, 858.31103270
1756568100000, 858.33245806
1756568160000, 858.33597408
1756568220000, 858.34677038
1756568280000, 858.35014374
1756568340000, 858.47792582
1756568400000, 858.52062614
1756568460000, 858.53973836
1756568520000, 858.50801173
1756568580000, 858.51451468
1756568640000, 858.56461880
1756568700000, 858.57340550
1756568760000, 858.67392426
1756568820000, 858.70681251
1756568880000, 858.97381091
1756568940000, 858.90220301
1756569000000, 858.92393855
1756569060000, 858.91376408
1756569120000, 858.90062658
1756569180000, 858.89105721
1756569240000, 858.87621096
1756569300000, 858.86361621
1756569360000, 858.85664378
1756569420000, 858.85305075
1756569480000, 858.83926153
1756569540000, 858.81511512
1756569600000, 858.81738890
1756569660000, 858.79982825
1756569720000, 858.77639090
1756569780000, 858.76155879
1756569840000, 858.64526400
1756569900000, 858.34633093
1756569960000, 858.30583520
1756570020000, 858.29103793
1756570080000, 858.27818710
1756570140000, 858.22590615
1756570200000, 858.22177736
1756570260000, 858.21422547
1756570320000, 858.13923790
1756570380000, 858.09807487
1756570440000, 858.05538551
1756570500000, 858.00983358
1756570560000, 857.96704903
1756570620000, 857.95973790
1756570680000, 857.94021743
1756570740000, 857.88003810
1756570800000, 857.49268780
1756570860000, 857.33659282
1756570920000, 857.20282003
1756570980000, 857.18201511
1756571040000, 857.07539534
1756571100000, 857.07518512
1756571160000, 857.05662731
1756571220000, 857.03992732
1756571280000, 857.05706811
1756571340000, 857.06211439
1756571400000, 857.07504958
1756571460000, 857.09302470
1756571520000, 857.09808699
1756571580000, 857.10622677
1756571640000, 857.12871421
1756571700000, 857.12978169
1756571760000, 857.20738184
1756571820000, 857.36315845
1756571880000, 857.39052696
1756571940000, 857.39290585
1756572000000, 857.42156143
1756572060000, 857.44035668
1756572120000, 857.45283063
1756572180000, 857.51028253
1756572240000, 857.52198704
1756572300000, 857.59426707
1756572360000, 857.65284508
1756572420000, 857.66193687
1756572480000, 857.66109864
1756572540000, 857.71333978
1756572600000, 857.79552741
1756572660000, 857.96339305
1756572720000, 858.01655092
1756572780000, 857.93844172
1756572840000, 857.98346067
1756572900000, 857.99892672
1756572960000, 857.99912560
1756573020000, 857.99677931
1756573080000, 857.98426198
1756573140000, 857.98327935
1756573200000, 857.89333855
1756573260000, 857.80966502
1756573320000, 857.78542535
1756573380000, 857.78663082
1756573440000, 857.76152986
1756573500000, 857.76061391
1756573560000, 857.77854593
1756573620000, 857.80729686
1756573680000, 857.80604728
1756573740000, 857.76781868
1756573800000, 857.75079867
1756573860000, 857.75143404
1756573920000, 857.83748594
1756573980000, 857.85515380
1756574040000, 857.85614105
1756574100000, 857.92804411
1756574160000, 858.07129437
1756574220000, 858.31455737
1756574280000, 858.31680947
1756574340000, 858.41686516
1756574400000, 858.42745246
1756574460000, 858.42265548
1756574520000, 858.39561387
1756574580000, 858.38875498
1756574640000, 858.38538868
1756574700000, 858.36972042
1756574760000, 858.37097642
1756574820000, 858.39958138
1756574880000, 858.40047339
1756574940000, 858.37218350
1756575000000, 858.34568680
1756575060000, 858.28155059
1756575120000, 858.27287306
1756575180000, 858.27639644
1756575240000, 858.25993486
1756575300000, 858.25524268
1756575360000, 858.25136921
1756575420000, 858.12280802
1756575480000, 857.98783902
1756575540000, 857.96039127
1756575600000, 857.90731057
1756575660000, 857.88560709
1756575720000, 857.87012804
1756575780000, 857.84969863
1756575840000, 857.81487125
1756575900000, 857.75817871
1756575960000, 857.72716155
1756576020000, 857.51988701
1756576080000, 857.49431648
1756576140000, 857.48191301
1756576200000, 857.46668462
1756576260000, 857.45668603
1756576320000, 857.43822995
1756576380000, 857.41487086
1756576440000, 857.41251106
1756576500000, 857.39745481
1756576560000, 857.33310120
1756576620000, 857.34114170
1756576680000, 857.47980364
1756576740000, 857.48954695
1756576800000, 857.51028205
1756576860000, 857.52683072
1756576920000, 857.87246077
1756576980000, 857.95503353
1756577040000, 858.00204983
1756577100000, 858.06462790
1756577160000, 858.12347389
1756577220000, 858.23637832
1756577280000, 858.33475859
1756577340000, 858.33691818
1756577400000, 858.36225770
1756577460000, 858.40195408
1756577520000, 858.47423390
1756577580000, 858.58286501
1756577640000, 858.60168057
1756577700000, 858.57961011
1756577760000, 858.47714778
1756577820000, 858.45406794
1756577880000, 858.43356964
1756577940000, 858.42995973
1756578000000, 858.41706491
1756578060000, 858.33582970
1756578120000, 858.19738191
1756578180000, 858.14500454
1756578240000, 858.08711030
1756578300000, 858.08301662
1756578360000, 857.99461473
1756578420000, 857.80859753
1756578480000, 857.80891838
1756578540000, 857.80714183
1756578600000, 857.71171043
1756578660000, 857.67641596
1756578720000, 857.68065879
1756578780000, 857.68269193
1756578840000, 857.67624933
1756578900000, 857.59889459
1756578960000, 857.59087656
1756579020000, 857.62164560
1756579080000, 857.71946775
1756579140000, 858.12930354
1756579200000, 858.13303392
1756579260000, 858.13633748
1756579320000, 858.14146318
1756579380000, 858.14254304
1756579440000, 858.13858461
1756579500000, 858.17542807
1756579560000, 858.17561009
1756579620000, 858.17846387
1756579680000, 858.20190664
1756579740000, 858.20854067
1756579800000, 858.24328802
1756579860000, 858.26846844
1756579920000, 858.27074183
1756579980000, 858.31506637
1756580040000, 858.57524314
1756580100000, 858.58936651
1756580160000, 858.60371813
1756580220000, 858.62408541
1756580280000, 858.68134694
1756580340000, 858.68358452
1756580400000, 858.97850512
1756580460000, 858.89484769
1756580520000, 858.90047224
1756580580000, 858.88821718
1756580640000, 858.88776368
1756580700000, 858.87300524
1756580760000, 858.88861580
1756580820000, 858.88669012
1756580880000, 858.78214712
1756580940000, 858.65540153
1756581000000, 858.05524042
1756581060000, 858.03678613
1756581120000, 858.02305499
1756581180000, 858.01982830
1756581240000, 858.02130809
1756581300000, 857.97514406
1756581360000, 857.94648153
1756581420000, 857.94146504
1756581480000, 857.93494213
1756581540000, 857.92837948
1756581600000, 857.92974731
1756581660000, 857.93239268
1756581720000, 857.93765585
1756581780000, 857.93713365
1756581840000, 857.87514140
1756581900000, 857.71114012
1756581960000, 857.70421815
1756582020000, 857.70149039
1756582080000, 857.70149848
1756582140000, 857.73992922
1756582200000, 857.68300730
1756582260000, 857.68950114
1756582320000, 857.67983454
1756582380000, 857.69843103
1756582440000, 857.68754567
1756582500000, 857.71392706
1756582560000, 857.78475288
1756582620000, 857.77610275
1756582680000, 857.88829419
1756582740000, 858.02310106
1756582800000, 858.11855028
1756582860000, 858.25710153
1756582920000, 858.30905049
1756582980000, 858.35580497
1756583040000, 858.46878144
1756583100000, 858.47734006
1756583160000, 858.53141277
1756583220000, 858.52890328
1756583280000, 858.54225951
1756583340000, 858.54172277
1756583400000, 858.56953807
1756583460000, 858.61516772
1756583520000, 858.61987732
1756583580000, 858.65599544
1756583640000, 858.66473551
1756583700000, 858.66513754
1756583760000, 858.64797057
1756583820000, 858.63398822
1756583880000, 858.62745322
1756583940000, 858.59578300
1756584000000, 858.56597058
1756584060000, 858.58899693
1756584120000, 858.60061079
1756584180000, 858.57630515
1756584240000, 858.55522839
1756584300000, 858.53718119
1756584360000, 858.53128940
1756584420000, 858.53331408
1756584480000, 858.50146919
1756584540000, 858.47799826
1756584600000, 858.47933342
1756584660000, 858.18579653
1756584720000, 858.09583366
1756584780000, 858.06515453
1756584840000, 858.03398592
1756584900000, 857.97821062
1756584960000, 857.85578605
1756585020000, 857.85386049
1756585080000, 857.82317093
1756585140000, 857.81171264
1756585200000, 857.76243365
1756585260000, 857.74455654
1756585320000, 857.69900639
1756585380000, 857.68786371
1756585440000, 857.69824103
1756585500000, 857.70171884
1756585560000, 857.58674310
1756585620000, 857.61977238
1756585680000, 857.58999039
1756585740000, 857.59384324
1756585800000, 857.59813962
1756585860000, 857.60372398
1756585920000, 857.60730612
1756585980000, 857.60654167
1756586040000, 857.60673786
1756586100000, 857.61367116
1756586160000, 857.60801812
1756586220000, 857.60905924
1756586280000, 857.60938206
1756586340000, 857.59458690
1756586400000, 857.59239350
1756586460000, 857.58927847
1756586520000, 857.60321875
1756586580000, 857.69322407
1756586640000, 857.69224065
1756586700000, 857.72291692
1756586760000, 857.72697891
1756586820000, 857.85854770
1756586880000, 857.88894484
1756586940000, 857.89476776
1756587000000, 857.90830307
1756587060000, 857.90357469
1756587120000, 857.90608183
1756587180000, 857.90709666
1756587240000, 857.90899692
1756587300000, 857.90998650
1756587360000, 857.91031007
1756587420000, 857.91057158
1756587480000, 857.91085106
1756587540000, 857.92424828
1756587600000, 857.92488050
1756587660000, 857.92549033
1756587720000, 857.92953623
1756587780000, 857.92778875
1756587840000, 857.94383741
1756587900000, 857.95367817
1756587960000, 858.86247128
1756588020000, 858.93250352
1756588080000, 858.93568368
1756588140000, 858.95688601
1756588200000, 858.97202123
1756588260000, 859.04399962
1756588320000, 859.25402642
1756588380000, 859.27771145
1756588440000, 859.35807195
1756588500000, 859.43528137
1756588560000, 859.43766301
1756588620000, 859.45243245
1756588680000, 859.45243122
1756588740000, 859.46376416
1756588800000, 859.47308943
1756588860000, 859.37188918
1756588920000, 859.39597175
1756588980000, 859.37737363
1756589040000, 859.37242588
1756589100000, 859.37548727
1756589160000, 859.38104549
1756589220000, 859.30447882
1756589280000, 859.26528658
1756589340000, 859.22173930
1756589400000, 858.93722315
1756589460000, 858.94629502
1756589520000, 858.94251829
1756589580000, 858.95489939
1756589640000, 858.96742829
1756589700000, 858.98962830
1756589760000, 859.08195375
1756589820000, 859.08329346
1756589880000, 859.14645097
1756589940000, 859.10513016
1756590000000, 859.09839027
1756590060000, 859.11274245
1756590120000, 859.11529792
1756590180000, 859.13532326
1756590240000, 859.20339356
1756590300000, 859.25865771
1756590360000, 859.30035107
1756590420000, 859.30390514
1756590480000, 859.30313794
1756590540000, 859.30744614
1756590600000, 859.39453596
1756590660000, 859.43450582
1756590720000, 859.45794041
1756590780000, 859.47667746
1756590840000, 859.51300860
1756590900000, 859.54909070
1756590960000, 859.66183196
1756591020000, 859.70378935
1756591080000, 859.72143242
1756591140000, 859.79584173
1756591200000, 859.91276140
1756591260000, 860.05392927
1756591320000, 860.61819210
1756591380000, 860.62105619
1756591440000, 860.62391428
1756591500000, 860.63886792
1756591560000, 860.65800052
1756591620000, 860.66820456
1756591680000, 860.66809100
1756591740000, 860.67996752
1756591800000, 860.67650866
1756591860000, 860.67319832
1756591920000, 860.66885308
1756591980000, 860.66992280
1756592040000, 860.66068118
1756592100000, 860.66376138
1756592160000, 860.64968808
1756592220000, 860.29384620
1756592280000, 860.28408737
1756592340000, 860.26449329
1756592400000, 860.26434336
1756592460000, 860.28026767
1756592520000, 860.28220705
1756592580000, 860.28581299
1756592640000, 860.29617234
1756592700000, 860.30647683
1756592760000, 860.37480979
1756592820000, 860.40577355
1756592880000, 860.42876450
1756592940000, 860.51869739
1756593000000, 860.55896112
1756593060000, 860.64788827
1756593120000, 860.73472705
1756593180000, 860.78291699
1756593240000, 860.80510677
1756593300000, 860.79433402
1756593360000, 860.86642469
1756593420000, 860.86447428
1756593480000, 861.05024004
1756593540000, 861.05295652
1756593600000, 861.05323834
1756593660000, 861.05422707
1756593720000, 861.05467470
1756593780000, 861.06013721
1756593840000, 861.07037870
1756593900000, 861.07282331
1756593960000, 861.07453893
1756594020000, 861.07840405
1756594080000, 861.08522624
1756594140000, 861.08655905
1756594200000, 861.09140972
1756594260000, 861.10716121
1756594320000, 861.11461821
1756594380000, 861.18134481
1756594440000, 861.19380595
1756594500000, 861.19493345
1756594560000, 861.22423328
1756594620000, 861.25993886
1756594680000, 861.25339821
1756594740000, 861.24880671
1756594800000, 861.24994173
1756594860000, 861.28416571
1756594920000, 861.80865812
1756594980000, 861.83209831
1756595040000, 862.16272973
1756595100000, 862.16664631
1756595160000, 862.17947747
1756595220000, 862.19017479
1756595280000, 862.19059430
1756595340000, 862.24739016
1756595400000, 862.35125519
1756595460000, 862.36436960
1756595520000, 862.44390061
1756595580000, 862.54240333
1756595640000, 862.56330694
1756595700000, 862.62240375
1756595760000, 862.84981321
1756595820000, 863.05823614
1756595880000, 863.08232154
1756595940000, 863.16830801
1756596000000, 863.06713203
1756596060000, 863.09672436
1756596120000, 863.10065129
1756596180000, 863.10771546
1756596240000, 863.14133741
1756596300000, 863.17069547
1756596360000, 863.17135867
1756596420000, 863.17625809
1756596480000, 863.17737437
1756596540000, 863.23570920
1756596600000, 863.23636192
1756596660000, 863.32514349
1756596720000, 863.37373833
1756596780000, 863.36673351
1756596840000, 863.38127246
1756596900000, 863.47035145
1756596960000, 863.54804470
1756597020000, 863.55354891
1756597080000, 863.54743763
1756597140000, 863.51792504
1756597200000, 863.55492235
1756597260000, 863.49074719
1756597320000, 863.47663787
1756597380000, 863.37258861
1756597440000, 863.34321097
1756597500000, 863.28958258
1756597560000, 863.18033337
1756597620000, 863.08362186
1756597680000, 862.98344680
1756597740000, 862.92440781
1756597800000, 862.92440781
1756597860000, 862.85422681
1756597920000, 862.63507953
1756597980000, 862.51196113
1756598040000, 862.40757612
1756598100000, 862.25126023
1756598160000, 862.19150209
1756598220000, 862.18672520
1756598280000, 862.14893102
1756598340000, 862.15980762
1756598400000, 862.10312163
1756598460000, 862.08002530
1756598520000, 862.06052424
1756598580000, 862.04439558
1756598640000, 862.04174660
1756598700000, 862.09705080
1756598760000, 862.12266442
1756598820000, 862.14859033
1756598880000, 862.18892924
1756598940000, 862.19533807
1756599000000, 862.44052557
1756599060000, 862.45480564
1756599120000, 862.49141833
1756599180000, 862.37036583
1756599240000, 862.25444560
1756599300000, 862.25264174
1756599360000, 861.30234353
1756599420000, 861.03373975
1756599480000, 861.03058336
1756599540000, 861.02691927
1756599600000, 860.97629932
1756599660000, 860.94115492
1756599720000, 860.92753139
1756599780000, 860.89631699
1756599840000, 860.89217095
1756599900000, 860.80050943
1756599960000, 860.77295209
1756600020000, 860.72537159
1756600080000, 860.64095651
1756600140000, 860.63194407
1756600200000, 860.63105133
1756600260000, 860.58545653
1756600320000, 860.36416499
1756600380000, 860.60015040
1756600440000, 860.69560607
1756600500000, 860.74038046
1756600560000, 860.84332137
1756600620000, 861.31033636
1756600680000, 861.33802178
1756600740000, 861.36384025
1756600800000, 861.47834011
1756600860000, 861.51084290
1756600920000, 861.53082035
1756600980000, 861.58465447
1756601040000, 861.65001259
1756601100000, 861.71726559
1756601160000, 861.79973394
1756601220000, 861.81550976
1756601280000, 861.87696697
1756601340000, 861.94097067
1756601400000, 861.96588169
1756601460000, 862.04219815
1756601520000, 862.15955301
1756601580000, 862.34626174
1756601640000, 862.37713689
1756601700000, 862.46024092
1756601760000, 862.71107566
1756601820000, 862.91268569
1756601880000, 862.99394298
1756601940000, 863.07758094
1756602000000, 863.12841362
1756602060000, 863.19131803
1756602120000, 863.17600345
1756602180000, 863.16412379
1756602240000, 863.01717998
1756602300000, 862.78362382
1756602360000, 862.76640521
1756602420000, 862.46557358
1756602480000, 862.35695631
1756602540000, 862.31138804
1756602600000, 862.28572532
1756602660000, 862.27304207
1756602720000, 862.22415439
1756602780000, 862.11736704
1756602840000, 862.07738531
1756602900000, 862.04346411
1756602960000, 861.97390864
1756603020000, 861.92834462
1756603080000, 861.91851343
1756603140000, 861.86879445
1756603200000, 861.47900903
1756603260000, 861.44959601
1756603320000, 861.64088968
1756603380000, 861.63332132
1756603440000, 861.77289606
1756603500000, 861.83101335
1756603560000, 861.83152767
1756603620000, 861.82059213
1756603680000, 861.80503827
1756603740000, 861.79762408
1756603800000, 861.80182035
1756603860000, 861.82347914
1756603920000, 861.83659311
1756603980000, 862.36022884
1756604040000, 862.38205023
1756604100000, 862.38358806
1756604160000, 862.38551280
1756604220000, 862.38723520
1756604280000, 862.39278149
1756604340000, 862.39620447
1756604400000, 862.40817900
1756604460000, 862.40652034
1756604520000, 862.40893289
1756604580000, 862.41344207
1756604640000, 862.41643247
1756604700000, 862.45825669
1756604760000, 862.45948110
1756604820000, 862.46113481
1756604880000, 862.71914499
1756604940000, 862.67876340
1756605000000, 862.67740044
1756605060000, 862.67880708
1756605120000, 862.67631393
1756605180000, 862.69064966
1756605240000, 862.77126032
1756605300000, 862.78457858
1756605360000, 862.83076767
1756605420000, 862.88177317
1756605480000, 862.90492401
1756605540000, 862.92490379
1756605600000, 863.14526824
1756605660000, 863.12786336
1756605720000, 863.13263580
1756605780000, 863.12933654
1756605840000, 863.12969486
1756605900000, 863.14965744
1756605960000, 863.14570974
1756606020000, 863.13074216
1756606080000, 863.13201831
1756606140000, 863.12389948
1756606200000, 863.11503396
1756606260000, 863.10561004
1756606320000, 863.03488132
1756606380000, 863.01189128
1756606440000, 862.99934310
1756606500000, 862.99532881
1756606560000, 862.97697450
1756606620000, 862.98909421
1756606680000, 863.08051564
1756606740000, 863.08042720
1756606800000, 863.18482216
1756606860000, 863.23483856
1756606920000, 863.30704344
1756606980000, 863.31920168
1756607040000, 863.32165210
1756607100000, 863.32377493
1756607160000, 863.32236914
1756607220000, 863.31360074
1756607280000, 863.03286635
1756607340000, 863.03477728
1756607400000, 863.03622217
1756607460000, 863.03811424
1756607520000, 863.03539322
1756607580000, 863.00723266
1756607640000, 862.99353651
1756607700000, 862.95702876
1756607760000, 862.95267586
1756607820000, 862.92780256
1756607880000, 862.87943195
1756607940000, 862.87614109
1756608000000, 862.87555300
1756608060000, 862.87744421
1756608120000, 862.87562819
1756608180000, 862.70818587
1756608240000, 862.70112064
1756608300000, 862.67061833
1756608360000, 862.66403034
1756608420000, 862.66434614
1756608480000, 862.67803495
1756608540000, 862.64670333
1756608600000, 862.62882230
1756608660000, 862.62222503
1756608720000, 862.62163331
1756608780000, 862.60405783
1756608840000, 862.59435948
1756608900000, 862.56150131
1756608960000, 862.51409903
1756609020000, 862.51349277
1756609080000, 862.51224884
1756609140000, 862.51189594
1756609200000, 862.52364673
1756609260000, 862.55901114
1756609320000, 862.55665644
1756609380000, 862.53177423
1756609440000, 862.54484719
1756609500000, 862.54961041
1756609560000, 862.56807612
1756609620000, 862.56824396
1756609680000, 862.57419104
1756609740000, 862.57379097
1756609800000, 862.63500555
1756609860000, 862.64767625
1756609920000, 862.51905324
1756609980000, 862.49337163
1756610040000, 862.48123263
1756610100000, 862.44501213
1756610160000, 862.32819314
1756610220000, 862.26665202
1756610280000, 862.22138981
1756610340000, 862.19623188
1756610400000, 862.18967757
1756610460000, 862.17734934
1756610520000, 862.17709861
1756610580000, 862.26864437
1756610640000, 862.28189621
1756610700000, 862.28571938
1756610760000, 862.46067541
1756610820000, 862.60970583
1756610880000, 862.68546207
1756610940000, 862.69788708
1756611000000, 862.69064499
1756611060000, 862.74441931
1756611120000, 862.74441931
1756611180000, 862.75872903
1756611240000, 862.76144869
1756611300000, 862.75003849
1756611360000, 862.78880105
1756611420000, 862.79574993
1756611480000, 862.83662672
1756611540000, 862.83152441
1756611600000, 862.81522447
1756611660000, 862.79114080
1756611720000, 862.72987463
1756611780000, 862.65968829
1756611840000, 862.62195891
1756611900000, 862.65619233
1756611960000, 862.65749636
1756612020000, 862.64296298
1756612080000, 862.63210430
1756612140000, 862.63525278
1756612200000, 862.68097836
1756612260000, 862.76612010
1756612320000, 862.76940710
1756612380000, 862.86925234
1756612440000, 863.29305844
1756612500000, 863.38721259
1756612560000, 863.42095617
1756612620000, 863.50563895
1756612680000, 863.51770812
1756612740000, 863.53658544
1756612800000, 863.48384792
1756612860000, 863.33248139
1756612920000, 863.35364917
1756612980000, 863.25853193
1756613040000, 863.16592784
1756613100000, 863.17548818
1756613160000, 863.16204814
1756613220000, 863.13966173
1756613280000, 863.11356977
1756613340000, 862.86872870
1756613400000, 862.79614158
1756613460000, 862.74394846
1756613520000, 862.63987485
1756613580000, 862.58904540
1756613640000, 862.58315491
1756613700000, 862.40161615
1756613760000, 862.28082265
1756613820000, 862.24649215
1756613880000, 862.23711687
1756613940000, 862.05366794
1756614000000, 861.97315944
1756614060000, 861.86041121
1756614120000, 861.79538562
1756614180000, 861.69036362
1756614240000, 861.48870153
1756614300000, 861.46187993
1756614360000, 861.38926443
1756614420000, 861.38263157
1756614480000, 861.36108914
1756614540000, 861.33314302
1756614600000, 861.29718857
1756614660000, 861.07647090
1756614720000, 861.02447576
1756614780000, 861.01010201
1756614840000, 860.88676017
1756614900000, 860.78260927
1756614960000, 860.71883781
1756615020000, 860.70313547
1756615080000, 860.67179080
1756615140000, 860.60595947
1756615200000, 860.59118911
1756615260000, 860.45061502
1756615320000, 860.42404025
1756615380000, 860.36201764
1756615440000, 860.26777878
1756615500000, 860.23081881
1756615560000, 860.18939296
1756615620000, 860.10981465
1756615680000, 860.06158590
1756615740000, 860.04066572
1756615800000, 859.96930076
1756615860000, 859.96527643
1756615920000, 859.90816001
1756615980000, 859.90278208
1756616040000, 859.83575647
1756616100000, 859.75832854
1756616160000, 859.74229953
1756616220000, 859.73090701
1756616280000, 860.07279530
1756616340000, 860.09237777
1756616400000, 860.12182730
1756616460000, 860.19235235
1756616520000, 860.19192304
1756616580000, 860.19040608
1756616640000, 860.18831844
1756616700000, 860.18602290
1756616760000, 860.18658596
1756616820000, 860.19139440
