1756404180000, 0.22154097
1756404240000, 0.22160890
1756404300000, 0.22149677
1756404360000, 0.22151429
1756404420000, 0.22150821
1756404480000, 0.22146485
1756404540000, 0.22143905
1756404600000, 0.22143759
1756404660000, 0.22141946
1756404720000, 0.22141488
1756404780000, 0.22140884
1756404840000, 0.22141716
1756404900000, 0.22141861
1756404960000, 0.22142937
1756405020000, 0.22141482
1756405080000, 0.22142045
1756405140000, 0.22141684
1756405200000, 0.22143439
1756405260000, 0.22145280
1756405320000, 0.22156627
1756405380000, 0.22158698
1756405440000, 0.22163205
1756405500000, 0.22166605
1756405560000, 0.22171311
1756405620000, 0.22174839
1756405680000, 0.22177844
1756405740000, 0.22184672
1756405800000, 0.22192664
1756405860000, 0.22216625
1756405920000, 0.22224502
1756405980000, 0.22227987
1756406040000, 0.22234654
1756406100000, 0.22241238
1756406160000, 0.22245937
1756406220000, 0.22252759
1756406280000, 0.22253734
1756406340000, 0.22258156
1756406400000, 0.22262791
1756406460000, 0.22264947
1756406520000, 0.22268684
1756406580000, 0.22269905
1756406640000, 0.22271382
1756406700000, 0.22273693
1756406760000, 0.22281868
1756406820000, 0.22281041
1756406880000, 0.22281173
1756406940000, 0.22282068
1756407000000, 0.22278560
1756407060000, 0.22275724
1756407120000, 0.22276228
1756407180000, 0.22278427
1756407240000, 0.22279439
1756407300000, 0.22279120
1756407360000, 0.22278848
1756407420000, 0.22277176
1756407480000, 0.22275567
1756407540000, 0.22274567
1756407600000, 0.22272902
1756407660000, 0.22273201
1756407720000, 0.22274057
1756407780000, 0.22275315
1756407840000, 0.22276354
1756407900000, 0.22279922
1756407960000, 0.22290038
1756408020000, 0.22289484
1756408080000, 0.22289025
1756408140000, 0.22291082
1756408200000, 0.22291978
1756408260000, 0.22295846
1756408320000, 0.22296267
1756408380000, 0.22297441
1756408440000, 0.22298500
1756408500000, 0.22299437
1756408560000, 0.22297312
1756408620000, 0.22294325
1756408680000, 0.22286821
1756408740000, 0.22285645
1756408800000, 0.22284685
1756408860000, 0.22276898
1756408920000, 0.22273430
1756408980000, 0.22271056
1756409040000, 0.22263902
1756409100000, 0.22255591
1756409160000, 0.22243143
1756409220000, 0.22239171
1756409280000, 0.22229088
1756409340000, 0.22227404
1756409400000, 0.22222804
1756409460000, 0.22220738
1756409520000, 0.22217594
1756409580000, 0.22216499
1756409640000, 0.22213295
1756409700000, 0.22203525
1756409760000, 0.22200531
1756409820000, 0.22198706
1756409880000, 0.22187880
1756409940000, 0.22186395
1756410000000, 0.22169667
1756410060000, 0.22164603
1756410120000, 0.22162157
1756410180000, 0.22154071
1756410240000, 0.22133507
1756410300000, 0.22106910
1756410360000, 0.22106128
1756410420000, 0.22105378
1756410480000, 0.22104034
1756410540000, 0.22095815
1756410600000, 0.22089703
1756410660000, 0.22083583
1756410720000, 0.22081425
1756410780000, 0.22074166
1756410840000, 0.22072714
1756410900000, 0.22067485
1756410960000, 0.22061208
1756411020000, 0.22043462
1756411080000, 0.22041661
1756411140000, 0.22035149
1756411200000, 0.22017130
1756411260000, 0.22002560
1756411320000, 0.21999577
1756411380000, 0.21998381
1756411440000, 0.21994033
1756411500000, 0.22000982
1756411560000, 0.21998313
1756411620000, 0.21997741
1756411680000, 0.21997578
1756411740000, 0.21996796
1756411800000, 0.21996422
1756411860000, 0.21994683
1756411920000, 0.21993168
1756411980000, 0.21994480
1756412040000, 0.21995421
1756412100000, 0.22002918
1756412160000, 0.22021321
1756412220000, 0.22025324
1756412280000, 0.22026308
1756412340000, 0.22027337
1756412400000, 0.22039693
1756412460000, 0.22049653
1756412520000, 0.22058951
1756412580000, 0.22062655
1756412640000, 0.22064110
1756412700000, 0.22070016
1756412760000, 0.22074928
1756412820000, 0.22076726
1756412880000, 0.22080068
1756412940000, 0.22081510
1756413000000, 0.22095204
1756413060000, 0.22100880
1756413120000, 0.22109338
1756413180000, 0.22108628
1756413240000, 0.22109422
1756413300000, 0.22114994
1756413360000, 0.22113635
1756413420000, 0.22112563
1756413480000, 0.22109711
1756413540000, 0.22108827
1756413600000, 0.22108973
1756413660000, 0.22109568
1756413720000, 0.22114882
1756413780000, 0.22117660
1756413840000, 0.22121271
1756413900000, 0.22122112
1756413960000, 0.22122721
1756414020000, 0.22123979
1756414080000, 0.22123780
1756414140000, 0.22121080
1756414200000, 0.22119908
1756414260000, 0.22118885
1756414320000, 0.22118830
1756414380000, 0.22120719
1756414440000, 0.22122639
1756414500000, 0.22123424
1756414560000, 0.22124150
1756414620000, 0.22122816
1756414680000, 0.22120642
1756414740000, 0.22116635
1756414800000, 0.22115605
1756414860000, 0.22114380
1756414920000, 0.22112751
1756414980000, 0.22113899
1756415040000, 0.22120291
1756415100000, 0.22122718
1756415160000, 0.22125223
1756415220000, 0.22134701
1756415280000, 0.22138096
1756415340000, 0.22138802
1756415400000, 0.22142011
1756415460000, 0.22147067
1756415520000, 0.22148144
1756415580000, 0.22150518
1756415640000, 0.22156736
1756415700000, 0.22163762
1756415760000, 0.22170596
1756415820000, 0.22171276
1756415880000, 0.22173680
1756415940000, 0.22177394
1756416000000, 0.22178262
1756416060000, 0.22178487
1756416120000, 0.22187421
1756416180000, 0.22189928
1756416240000, 0.22190498
1756416300000, 0.22192133
1756416360000, 0.22193179
1756416420000, 0.22193082
1756416480000, 0.22192887
1756416540000, 0.22193974
1756416600000, 0.22189469
1756416660000, 0.22187630
1756416720000, 0.22187028
1756416780000, 0.22185646
1756416840000, 0.22183075
1756416900000, 0.22182234
1756416960000, 0.22184025
1756417020000, 0.22184448
1756417080000, 0.22185731
1756417140000, 0.22185743
1756417200000, 0.22185784
1756417260000, 0.22185825
1756417320000, 0.22186046
1756417380000, 0.22186450
1756417440000, 0.22186951
1756417500000, 0.22190652
1756417560000, 0.22191160
1756417620000, 0.22191688
1756417680000, 0.22192010
1756417740000, 0.22193262
1756417800000, 0.22194192
1756417860000, 0.22199345
1756417920000, 0.22201963
1756417980000, 0.22202936
1756418040000, 0.22203362
1756418100000, 0.22204788
1756418160000, 0.22207064
1756418220000, 0.22208022
1756418280000, 0.22208200
1756418340000, 0.22209118
1756418400000, 0.22209525
1756418460000, 0.22209829
1756418520000, 0.22210038
1756418580000, 0.22216054
1756418640000, 0.22219041
1756418700000, 0.22221766
1756418760000, 0.22233134
1756418820000, 0.22235469
1756418880000, 0.22236348
1756418940000, 0.22238913
1756419000000, 0.22243341
1756419060000, 0.22247484
1756419120000, 0.22248706
1756419180000, 0.22250605
1756419240000, 0.22259813
1756419300000, 0.22259933
1756419360000, 0.22261190
1756419420000, 0.22263928
1756419480000, 0.22279214
1756419540000, 0.22283137
1756419600000, 0.22289133
1756419660000, 0.22296089
1756419720000, 0.22303210
1756419780000, 0.22306835
1756419840000, 0.22311732
1756419900000, 0.22313535
1756419960000, 0.22315612
1756420020000, 0.22316828
1756420080000, 0.22318730
1756420140000, 0.22334655
1756420200000, 0.22336336
1756420260000, 0.22365292
1756420320000, 0.22376732
1756420380000, 0.22383616
1756420440000, 0.22399705
1756420500000, 0.22404416
1756420560000, 0.22411620
1756420620000, 0.22416608
1756420680000, 0.22417589
1756420740000, 0.22411967
1756420800000, 0.22412529
1756420860000, 0.22412860
1756420920000, 0.22412992
1756420980000, 0.22413376
1756421040000, 0.22413569
1756421100000, 0.22413593
1756421160000, 0.22416720
1756421220000, 0.22413852
1756421280000, 0.22412929
1756421340000, 0.22409422
1756421400000, 0.22409153
1756421460000, 0.22406935
1756421520000, 0.22406792
1756421580000, 0.22405378
1756421640000, 0.22411295
1756421700000, 0.22411534
1756421760000, 0.22414608
1756421820000, 0.22415582
1756421880000, 0.22418799
1756421940000, 0.22419182
1756422000000, 0.22419936
1756422060000, 0.22421202
1756422120000, 0.22427449
1756422180000, 0.22427880
1756422240000, 0.22425500
1756422300000, 0.22425531
1756422360000, 0.22427242
1756422420000, 0.22429133
1756422480000, 0.22431031
1756422540000, 0.22432495
1756422600000, 0.22434013
1756422660000, 0.22434590
1756422720000, 0.22435292
1756422780000, 0.22436252
1756422840000, 0.22426308
1756422900000, 0.22424332
1756422960000, 0.22426531
1756423020000, 0.22426899
1756423080000, 0.22429196
1756423140000, 0.22438942
1756423200000, 0.22439183
1756423260000, 0.22439625
1756423320000, 0.22436958
1756423380000, 0.22435707
1756423440000, 0.22435142
1756423500000, 0.22434944
1756423560000, 0.22434717
1756423620000, 0.22434570
1756423680000, 0.22434929
1756423740000, 0.22441645
1756423800000, 0.22444015
1756423860000, 0.22450398
1756423920000, 0.22448719
1756423980000, 0.22445935
1756424040000, 0.22425232
1756424100000, 0.22423155
1756424160000, 0.22425400
1756424220000, 0.22431628
1756424280000, 0.22434922
1756424340000, 0.22437216
1756424400000, 0.22450092
1756424460000, 0.22451959
1756424520000, 0.22453480
1756424580000, 0.22453808
1756424640000, 0.22453242
1756424700000, 0.22453318
1756424760000, 0.22453386
1756424820000, 0.22454354
1756424880000, 0.22455244
1756424940000, 0.22457368
1756425000000, 0.22456386
1756425060000, 0.22453615
1756425120000, 0.22452948
1756425180000, 0.22439524
1756425240000, 0.22437691
1756425300000, 0.22429291
1756425360000, 0.22426532
1756425420000, 0.22422973
1756425480000, 0.22422853
1756425540000, 0.22421255
1756425600000, 0.22421414
1756425660000, 0.22419718
1756425720000, 0.22418784
1756425780000, 0.22418346
1756425840000, 0.22416070
1756425900000, 0.22414651
1756425960000, 0.22414703
1756426020000, 0.22414622
1756426080000, 0.22421432
1756426140000, 0.22405771
1756426200000, 0.22402174
1756426260000, 0.22398625
1756426320000, 0.22395604
1756426380000, 0.22395968
1756426440000, 0.22396710
1756426500000, 0.22395230
1756426560000, 0.22394292
1756426620000, 0.22391187
1756426680000, 0.22390463
1756426740000, 0.22387660
1756426800000, 0.22388626
1756426860000, 0.22388892
1756426920000, 0.22385444
1756426980000, 0.22386200
1756427040000, 0.22388292
1756427100000, 0.22389009
1756427160000, 0.22389684
1756427220000, 0.22388674
1756427280000, 0.22387309
1756427340000, 0.22389326
1756427400000, 0.22436623
1756427460000, 0.22441014
1756427520000, 0.22440019
1756427580000, 0.22439601
1756427640000, 0.22438332
1756427700000, 0.22437064
1756427760000, 0.22433179
1756427820000, 0.22443699
1756427880000, 0.22452648
1756427940000, 0.22444153
1756428000000, 0.22441332
1756428060000, 0.22441243
1756428120000, 0.22440197
1756428180000, 0.22438685
1756428240000, 0.22437145
1756428300000, 0.22390607
1756428360000, 0.22367329
1756428420000, 0.22359868
1756428480000, 0.22352549
1756428540000, 0.22348340
1756428600000, 0.22346840
1756428660000, 0.22344661
1756428720000, 0.22341937
1756428780000, 0.22339623
1756428840000, 0.22330037
1756428900000, 0.22320185
1756428960000, 0.22318882
1756429020000, 0.22317060
1756429080000, 0.22313860
1756429140000, 0.22312124
1756429200000, 0.22310954
1756429260000, 0.22312649
1756429320000, 0.22314273
1756429380000, 0.22313427
1756429440000, 0.22311384
1756429500000, 0.22309956
1756429560000, 0.22291023
1756429620000, 0.22284131
1756429680000, 0.22272199
1756429740000, 0.22246947
1756429800000, 0.22244356
1756429860000, 0.22230449
1756429920000, 0.22227212
1756429980000, 0.22219011
1756430040000, 0.22215117
1756430100000, 0.22212385
1756430160000, 0.22206142
1756430220000, 0.22200778
1756430280000, 0.22185706
1756430340000, 0.22179131
1756430400000, 0.22168194
1756430460000, 0.22139823
1756430520000, 0.22123680
1756430580000, 0.22103369
1756430640000, 0.22078353
1756430700000, 0.22071133
1756430760000, 0.22040661
1756430820000, 0.22034199
1756430880000, 0.22026772
1756430940000, 0.22022566
1756431000000, 0.22016983
1756431060000, 0.22009860
1756431120000, 0.22007204
1756431180000, 0.22003405
1756431240000, 0.22001434
1756431300000, 0.21997802
1756431360000, 0.21997926
1756431420000, 0.22001761
1756431480000, 0.22006998
1756431540000, 0.22015917
1756431600000, 0.22022074
1756431660000, 0.22030226
1756431720000, 0.22036666
1756431780000, 0.22042786
1756431840000, 0.22047247
1756431900000, 0.22054008
1756431960000, 0.22071575
1756432020000, 0.22077460
1756432080000, 0.22080169
1756432140000, 0.22081078
1756432200000, 0.22082490
1756432260000, 0.22084395
1756432320000, 0.22086679
1756432380000, 0.22086913
1756432440000, 0.22087076
1756432500000, 0.22089244
1756432560000, 0.22087761
1756432620000, 0.22083376
1756432680000, 0.22079461
1756432740000, 0.22076793
1756432800000, 0.22075985
1756432860000, 0.22070569
1756432920000, 0.22061500
1756432980000, 0.22060616
1756433040000, 0.22060233
1756433100000, 0.22060588
1756433160000, 0.22062141
1756433220000, 0.22083053
1756433280000, 0.22084227
1756433340000, 0.22088635
1756433400000, 0.22089121
1756433460000, 0.22090542
1756433520000, 0.22095317
1756433580000, 0.22097211
1756433640000, 0.22109511
1756433700000, 0.22115723
1756433760000, 0.22124033
1756433820000, 0.22134729
1756433880000, 0.22137585
1756433940000, 0.22138278
1756434000000, 0.22141276
1756434060000, 0.22150006
1756434120000, 0.22179750
1756434180000, 0.22185810
1756434240000, 0.22205074
1756434300000, 0.22236031
1756434360000, 0.22266655
1756434420000, 0.22271750
1756434480000, 0.22281595
1756434540000, 0.22290901
1756434600000, 0.22310102
1756434660000, 0.22312789
1756434720000, 0.22313820
1756434780000, 0.22320638
1756434840000, 0.22320449
1756434900000, 0.22321972
1756434960000, 0.22326381
1756435020000, 0.22327390
1756435080000, 0.22328252
1756435140000, 0.22330029
1756435200000, 0.22325969
1756435260000, 0.22323368
1756435320000, 0.22322848
1756435380000, 0.22318440
1756435440000, 0.22316107
1756435500000, 0.22285846
1756435560000, 0.22287004
1756435620000, 0.22285516
1756435680000, 0.22286518
1756435740000, 0.22287526
1756435800000, 0.22288084
1756435860000, 0.22296370
1756435920000, 0.22303815
1756435980000, 0.22305825
1756436040000, 0.22307419
1756436100000, 0.22308275
1756436160000, 0.22309680
1756436220000, 0.22310185
1756436280000, 0.22310645
1756436340000, 0.22312545
1756436400000, 0.22312630
1756436460000, 0.22315215
1756436520000, 0.22317146
1756436580000, 0.22318011
1756436640000, 0.22315779
1756436700000, 0.22309651
1756436760000, 0.22288742
1756436820000, 0.22264051
1756436880000, 0.22257223
1756436940000, 0.22246046
1756437000000, 0.22241759
1756437060000, 0.22240163
1756437120000, 0.22235294
1756437180000, 0.22232864
1756437240000, 0.22231601
1756437300000, 0.22227231
1756437360000, 0.22223841
1756437420000, 0.22221310
1756437480000, 0.22219752
1756437540000, 0.22213212
1756437600000, 0.22211069
1756437660000, 0.22212370
1756437720000, 0.22220231
1756437780000, 0.22221544
1756437840000, 0.22219691
1756437900000, 0.22218831
1756437960000, 0.22218059
1756438020000, 0.22215512
1756438080000, 0.22217093
1756438140000, 0.22218270
1756438200000, 0.22223627
1756438260000, 0.22229727
1756438320000, 0.22230716
1756438380000, 0.22230852
1756438440000, 0.22232741
1756438500000, 0.22229719
1756438560000, 0.22226554
1756438620000, 0.22223509
1756438680000, 0.22229588
1756438740000, 0.22234509
1756438800000, 0.22238494
1756438860000, 0.22242556
1756438920000, 0.22245018
1756438980000, 0.22247138
1756439040000, 0.22251904
1756439100000, 0.22252531
1756439160000, 0.22252751
1756439220000, 0.22253544
1756439280000, 0.22254905
1756439340000, 0.22256157
1756439400000, 0.22258124
1756439460000, 0.22262247
1756439520000, 0.22263963
1756439580000, 0.22289725
1756439640000, 0.22299452
1756439700000, 0.22303804
1756439760000, 0.22304676
1756439820000, 0.22305731
1756439880000, 0.22306799
1756439940000, 0.22308793
1756440000000, 0.22309648
1756440060000, 0.22306722
1756440120000, 0.22308277
1756440180000, 0.22309943
1756440240000, 0.22309336
1756440300000, 0.22305137
1756440360000, 0.22301176
1756440420000, 0.22294891
1756440480000, 0.22282586
1756440540000, 0.22261719
1756440600000, 0.22249826
1756440660000, 0.22239004
1756440720000, 0.22232691
1756440780000, 0.22227050
1756440840000, 0.22217215
1756440900000, 0.22214840
1756440960000, 0.22210804
1756441020000, 0.22205283
1756441080000, 0.22206685
1756441140000, 0.22205486
1756441200000, 0.22204864
1756441260000, 0.22203414
1756441320000, 0.22205018
1756441380000, 0.22205998
1756441440000, 0.22207902
1756441500000, 0.22213510
1756441560000, 0.22215793
1756441620000, 0.22221028
1756441680000, 0.22226615
1756441740000, 0.22233323
1756441800000, 0.22239672
1756441860000, 0.22241706
1756441920000, 0.22243281
1756441980000, 0.22246837
1756442040000, 0.22244687
1756442100000, 0.22242907
1756442160000, 0.22239649
1756442220000, 0.22239757
1756442280000, 0.22237925
1756442340000, 0.22235589
1756442400000, 0.22231250
1756442460000, 0.22227865
1756442520000, 0.22224794
1756442580000, 0.22222352
1756442640000, 0.22223079
1756442700000, 0.22218893
1756442760000, 0.22216284
1756442820000, 0.22216773
1756442880000, 0.22221641
1756442940000, 0.22222371
1756443000000, 0.22223975
1756443060000, 0.22226341
1756443120000, 0.22226976
1756443180000, 0.22226835
1756443240000, 0.22221663
1756443300000, 0.22216667
1756443360000, 0.22181351
1756443420000, 0.22156780
1756443480000, 0.22133091
1756443540000, 0.22126786
1756443600000, 0.22124287
1756443660000, 0.22123585
1756443720000, 0.22121446
1756443780000, 0.22115092
1756443840000, 0.22114038
1756443900000, 0.22111480
1756443960000, 0.22107523
1756444020000, 0.22106301
1756444080000, 0.22104986
1756444140000, 0.22102310
1756444200000, 0.22100692
1756444260000, 0.22082642
1756444320000, 0.22070592
1756444380000, 0.22072360
1756444440000, 0.22074212
1756444500000, 0.22073015
1756444560000, 0.22072338
1756444620000, 0.22069351
1756444680000, 0.22061979
1756444740000, 0.22059149
1756444800000, 0.22057016
1756444860000, 0.22058784
1756444920000, 0.22057230
1756444980000, 0.22053070
1756445040000, 0.22039353
1756445100000, 0.22035664
1756445160000, 0.22019037
1756445220000, 0.22017960
1756445280000, 0.22016915
1756445340000, 0.22017100
1756445400000, 0.22017116
1756445460000, 0.22017116
1756445520000, 0.22017013
1756445580000, 0.22017078
1756445640000, 0.22019247
1756445700000, 0.22019240
1756445760000, 0.22018423
1756445820000, 0.22018718
1756445880000, 0.22018802
1756445940000, 0.22019045
1756446000000, 0.22019394
1756446060000, 0.22025707
1756446120000, 0.22030234
1756446180000, 0.22032687
1756446240000, 0.22037576
1756446300000, 0.22038159
1756446360000, 0.22039286
1756446420000, 0.22041378
1756446480000, 0.22044219
1756446540000, 0.22049289
1756446600000, 0.22052432
1756446660000, 0.22055393
1756446720000, 0.22062045
1756446780000, 0.22061311
1756446840000, 0.22057315
1756446900000, 0.22057271
1756446960000, 0.22057437
1756447020000, 0.22057518
1756447080000, 0.22057406
1756447140000, 0.22057293
1756447200000, 0.22057215
1756447260000, 0.22056987
1756447320000, 0.22057016
1756447380000, 0.22055305
1756447440000, 0.22052658
1756447500000, 0.22050655
1756447560000, 0.22048148
1756447620000, 0.22040405
1756447680000, 0.22033898
1756447740000, 0.22031892
1756447800000, 0.22027450
1756447860000, 0.22021058
1756447920000, 0.22016868
1756447980000, 0.22011321
1756448040000, 0.22007863
1756448100000, 0.21988304
1756448160000, 0.21965313
1756448220000, 0.21946519
1756448280000, 0.21936403
1756448340000, 0.21931878
1756448400000, 0.21926021
1756448460000, 0.21919855
1756448520000, 0.21913863
1756448580000, 0.21908067
1756448640000, 0.21904656
1756448700000, 0.21901081
1756448760000, 0.21898067
1756448820000, 0.21896223
1756448880000, 0.21892578
1756448940000, 0.21891147
1756449000000, 0.21879853
1756449060000, 0.21869461
1756449120000, 0.21865107
1756449180000, 0.21864266
1756449240000, 0.21863212
1756449300000, 0.21862296
1756449360000, 0.21857727
1756449420000, 0.21857195
1756449480000, 0.21857771
1756449540000, 0.21865138
1756449600000, 0.21864974
1756449660000, 0.21862550
1756449720000, 0.21862452
1756449780000, 0.21863272
1756449840000, 0.21864298
1756449900000, 0.21867442
1756449960000, 0.21867441
1756450020000, 0.21867817
1756450080000, 0.21869520
1756450140000, 0.21870411
1756450200000, 0.21871828
1756450260000, 0.21871328
1756450320000, 0.21870495
1756450380000, 0.21870109
1756450440000, 0.21858462
1756450500000, 0.21855374
1756450560000, 0.21856265
1756450620000, 0.21856171
1756450680000, 0.21855327
1756450740000, 0.21853909
1756450800000, 0.21848810
1756450860000, 0.21845779
1756450920000, 0.21825341
1756450980000, 0.21774598
1756451040000, 0.21761306
1756451100000, 0.21750098
1756451160000, 0.21737376
1756451220000, 0.21732633
1756451280000, 0.21727949
1756451340000, 0.21711403
1756451400000, 0.21694085
1756451460000, 0.21690952
1756451520000, 0.21689924
1756451580000, 0.21684683
1756451640000, 0.21675853
1756451700000, 0.21665467
1756451760000, 0.21653899
1756451820000, 0.21638162
1756451880000, 0.21625506
1756451940000, 0.21617927
1756452000000, 0.21598934
1756452060000, 0.21595700
1756452120000, 0.21591021
1756452180000, 0.21588089
1756452240000, 0.21583952
1756452300000, 0.21576837
1756452360000, 0.21563377
1756452420000, 0.21553584
1756452480000, 0.21548282
1756452540000, 0.21544911
1756452600000, 0.21543396
1756452660000, 0.21541946
1756452720000, 0.21541551
1756452780000, 0.21541606
1756452840000, 0.21541591
1756452900000, 0.21528796
1756452960000, 0.21527779
1756453020000, 0.21527108
1756453080000, 0.21524603
1756453140000, 0.21522501
1756453200000, 0.21519897
1756453260000, 0.21523375
1756453320000, 0.21535034
1756453380000, 0.21538454
1756453440000, 0.21537826
1756453500000, 0.21538220
1756453560000, 0.21538340
1756453620000, 0.21535533
1756453680000, 0.21527893
1756453740000, 0.21519156
1756453800000, 0.21513396
1756453860000, 0.21511367
1756453920000, 0.21513003
1756453980000, 0.21514385
1756454040000, 0.21517008
1756454100000, 0.21517010
1756454160000, 0.21516012
1756454220000, 0.21514488
1756454280000, 0.21500846
1756454340000, 0.21492950
1756454400000, 0.21489890
1756454460000, 0.21488774
1756454520000, 0.21491786
1756454580000, 0.21492786
1756454640000, 0.21492787
1756454700000, 0.21492385
1756454760000, 0.21491710
1756454820000, 0.21489942
1756454880000, 0.21489841
1756454940000, 0.21488228
1756455000000, 0.21481362
1756455060000, 0.21477751
1756455120000, 0.21473660
1756455180000, 0.21460001
1756455240000, 0.21458504
1756455300000, 0.21458045
1756455360000, 0.21453968
1756455420000, 0.21443557
1756455480000, 0.21436527
1756455540000, 0.21434874
1756455600000, 0.21432318
1756455660000, 0.21424152
1756455720000, 0.21419030
1756455780000, 0.21417231
1756455840000, 0.21415234
1756455900000, 0.21413516
1756455960000, 0.21412538
1756456020000, 0.21413012
1756456080000, 0.21413474
1756456140000, 0.21404200
1756456200000, 0.21403006
1756456260000, 0.21402130
1756456320000, 0.21399421
1756456380000, 0.21402230
1756456440000, 0.21394756
1756456500000, 0.21396459
1756456560000, 0.21401000
1756456620000, 0.21404902
1756456680000, 0.21401707
1756456740000, 0.21401270
1756456800000, 0.21399586
1756456860000, 0.21398091
1756456920000, 0.21395442
1756456980000, 0.21394446
1756457040000, 0.21394575
1756457100000, 0.21395177
1756457160000, 0.21396021
1756457220000, 0.21395997
1756457280000, 0.21389948
1756457340000, 0.21388952
1756457400000, 0.21385939
1756457460000, 0.21385189
1756457520000, 0.21384332
1756457580000, 0.21380828
1756457640000, 0.21371999
1756457700000, 0.21366398
1756457760000, 0.21356888
1756457820000, 0.21354314
1756457880000, 0.21341296
1756457940000, 0.21328408
1756458000000, 0.21325153
1756458060000, 0.21315517
1756458120000, 0.21307597
1756458180000, 0.21287732
1756458240000, 0.21279634
1756458300000, 0.21277704
1756458360000, 0.21269748
1756458420000, 0.21266188
1756458480000, 0.21255698
1756458540000, 0.21248511
1756458600000, 0.21246544
1756458660000, 0.21242163
1756458720000, 0.21242420
1756458780000, 0.21241266
1756458840000, 0.21234140
1756458900000, 0.21233897
1756458960000, 0.21232167
1756459020000, 0.21245096
1756459080000, 0.21251024
1756459140000, 0.21259405
1756459200000, 0.21263811
1756459260000, 0.21285738
1756459320000, 0.21315052
1756459380000, 0.21322554
1756459440000, 0.21325814
1756459500000, 0.21332891
1756459560000, 0.21340440
1756459620000, 0.21345288
1756459680000, 0.21345718
1756459740000, 0.21347125
1756459800000, 0.21349731
1756459860000, 0.21351191
1756459920000, 0.21360551
1756459980000, 0.21361803
1756460040000, 0.21363277
1756460100000, 0.21363132
1756460160000, 0.21363650
1756460220000, 0.21355393
1756460280000, 0.21352689
1756460340000, 0.21352221
1756460400000, 0.21352828
1756460460000, 0.21345653
1756460520000, 0.21339291
1756460580000, 0.21333402
1756460640000, 0.21331904
1756460700000, 0.21329709
1756460760000, 0.21328836
1756460820000, 0.21330912
1756460880000, 0.21351627
1756460940000, 0.21363702
1756461000000, 0.21374055
1756461060000, 0.21375738
1756461120000, 0.21379193
1756461180000, 0.21380241
1756461240000, 0.21380995
1756461300000, 0.21381721
1756461360000, 0.21384739
1756461420000, 0.21386543
1756461480000, 0.21401630
1756461540000, 0.21404439
1756461600000, 0.21406841
1756461660000, 0.21407590
1756461720000, 0.21409807
1756461780000, 0.21416342
1756461840000, 0.21416725
1756461900000, 0.21415341
1756461960000, 0.21419037
1756462020000, 0.21429948
1756462080000, 0.21439075
1756462140000, 0.21444531
1756462200000, 0.21448423
1756462260000, 0.21450818
1756462320000, 0.21452771
1756462380000, 0.21459123
1756462440000, 0.21464049
1756462500000, 0.21466054
1756462560000, 0.21484290
1756462620000, 0.21485862
1756462680000, 0.21489206
1756462740000, 0.21491615
1756462800000, 0.21495215
1756462860000, 0.21501521
1756462920000, 0.21506308
1756462980000, 0.21508029
1756463040000, 0.21507231
1756463100000, 0.21509041
1756463160000, 0.21513881
1756463220000, 0.21516513
1756463280000, 0.21518276
1756463340000, 0.21528442
1756463400000, 0.21529791
1756463460000, 0.21528629
1756463520000, 0.21528043
1756463580000, 0.21528130
1756463640000, 0.21529596
1756463700000, 0.21527418
1756463760000, 0.21524405
1756463820000, 0.21520370
1756463880000, 0.21519569
1756463940000, 0.21517597
1756464000000, 0.21516376
1756464060000, 0.21514973
1756464120000, 0.21513735
1756464180000, 0.21511385
1756464240000, 0.21498588
1756464300000, 0.21497842
1756464360000, 0.21489669
1756464420000, 0.21485914
1756464480000, 0.21485620
1756464540000, 0.21484331
1756464600000, 0.21474010
1756464660000, 0.21461801
1756464720000, 0.21459255
1756464780000, 0.21458859
1756464840000, 0.21457779
1756464900000, 0.21456279
1756464960000, 0.21454299
1756465020000, 0.21454341
1756465080000, 0.21464617
1756465140000, 0.21467596
1756465200000, 0.21476269
1756465260000, 0.21479753
1756465320000, 0.21479962
1756465380000, 0.21480011
1756465440000, 0.21480091
1756465500000, 0.21481167
1756465560000, 0.21494029
1756465620000, 0.21497451
1756465680000, 0.21495657
1756465740000, 0.21496113
1756465800000, 0.21496266
1756465860000, 0.21497316
1756465920000, 0.21506672
1756465980000, 0.21515838
1756466040000, 0.21519366
1756466100000, 0.21532209
1756466160000, 0.21535031
1756466220000, 0.21535842
1756466280000, 0.21536345
1756466340000, 0.21535652
1756466400000, 0.21529400
1756466460000, 0.21529506
1756466520000, 0.21530058
1756466580000, 0.21532038
1756466640000, 0.21532176
1756466700000, 0.21530898
1756466760000, 0.21531047
1756466820000, 0.21530517
1756466880000, 0.21527520
1756466940000, 0.21524114
1756467000000, 0.21520876
1756467060000, 0.21518290
1756467120000, 0.21516100
1756467180000, 0.21513892
1756467240000, 0.21512831
1756467300000, 0.21492380
1756467360000, 0.21488213
1756467420000, 0.21486757
1756467480000, 0.21485234
1756467540000, 0.21481946
1756467600000, 0.21473627
1756467660000, 0.21473076
1756467720000, 0.21471288
1756467780000, 0.21470234
1756467840000, 0.21463748
1756467900000, 0.21462878
1756467960000, 0.21462020
1756468020000, 0.21463568
1756468080000, 0.21466120
1756468140000, 0.21467818
1756468200000, 0.21468156
1756468260000, 0.21468051
1756468320000, 0.21466502
1756468380000, 0.21466054
1756468440000, 0.21464335
1756468500000, 0.21463779
1756468560000, 0.21463829
1756468620000, 0.21464337
1756468680000, 0.21463845
1756468740000, 0.21463938
1756468800000, 0.21464435
1756468860000, 0.21464695
1756468920000, 0.21464973
1756468980000, 0.21466163
1756469040000, 0.21471224
1756469100000, 0.21471972
1756469160000, 0.21472593
1756469220000, 0.21478691
1756469280000, 0.21479894
1756469340000, 0.21486469
1756469400000, 0.21486665
1756469460000, 0.21503286
1756469520000, 0.21507127
1756469580000, 0.21532111
1756469640000, 0.21532745
1756469700000, 0.21533618
1756469760000, 0.21534402
1756469820000, 0.21539256
1756469880000, 0.21540260
1756469940000, 0.21541755
1756470000000, 0.21542350
1756470060000, 0.21545641
1756470120000, 0.21546510
1756470180000, 0.21546849
1756470240000, 0.21549977
1756470300000, 0.21551862
1756470360000, 0.21560801
1756470420000, 0.21558767
1756470480000, 0.21559095
1756470540000, 0.21558471
1756470600000, 0.21557555
1756470660000, 0.21754130
1756470720000, 0.21866631
1756470780000, 0.21880284
1756470840000, 0.21884415
1756470900000, 0.21885545
1756470960000, 0.21879624
1756471020000, 0.21877748
1756471080000, 0.21874953
1756471140000, 0.21878631
1756471200000, 0.21881908
1756471260000, 0.21882318
1756471320000, 0.21889120
1756471380000, 0.21889063
1756471440000, 0.21888816
1756471500000, 0.21891017
1756471560000, 0.21906836
1756471620000, 0.21865495
1756471680000, 0.21852062
1756471740000, 0.21840578
1756471800000, 0.21837288
1756471860000, 0.21848773
1756471920000, 0.21853891
1756471980000, 0.21865825
1756472040000, 0.21867035
1756472100000, 0.21867704
1756472160000, 0.21866003
1756472220000, 0.21868831
1756472280000, 0.21873324
1756472340000, 0.21881811
1756472400000, 0.21887335
1756472460000, 0.21901279
1756472520000, 0.21902679
1756472580000, 0.21895620
1756472640000, 0.21890501
1756472700000, 0.21886887
1756472760000, 0.21886482
1756472820000, 0.21881112
1756472880000, 0.21877564
1756472940000, 0.21870608
1756473000000, 0.21868937
1756473060000, 0.21862669
1756473120000, 0.21859514
1756473180000, 0.21856566
1756473240000, 0.21853697
1756473300000, 0.21850202
1756473360000, 0.21838028
1756473420000, 0.21819655
1756473480000, 0.21800457
1756473540000, 0.21793405
1756473600000, 0.21780929
1756473660000, 0.21758060
1756473720000, 0.21756177
1756473780000, 0.21754251
1756473840000, 0.21751664
1756473900000, 0.21750024
1756473960000, 0.21743681
1756474020000, 0.21741281
1756474080000, 0.21740483
1756474140000, 0.21742010
1756474200000, 0.21741694
1756474260000, 0.21722642
1756474320000, 0.21718485
1756474380000, 0.21710996
1756474440000, 0.21708925
1756474500000, 0.21706948
1756474560000, 0.21696831
1756474620000, 0.21697353
1756474680000, 0.21696023
1756474740000, 0.21694720
1756474800000, 0.21686100
1756474860000, 0.21672306
1756474920000, 0.21654901
1756474980000, 0.21644777
1756475040000, 0.21640271
1756475100000, 0.21638625
1756475160000, 0.21592913
1756475220000, 0.21559829
1756475280000, 0.21538767
1756475340000, 0.21532505
1756475400000, 0.21527091
1756475460000, 0.21519255
1756475520000, 0.21514152
1756475580000, 0.21508933
1756475640000, 0.21507613
1756475700000, 0.21503152
1756475760000, 0.21497083
1756475820000, 0.21487952
1756475880000, 0.21463576
1756475940000, 0.21460188
1756476000000, 0.21458251
1756476060000, 0.21463342
1756476120000, 0.21481247
1756476180000, 0.21496454
1756476240000, 0.21496144
1756476300000, 0.21490846
1756476360000, 0.21460574
1756476420000, 0.21407292
1756476480000, 0.21380024
1756476540000, 0.21375680
1756476600000, 0.21372826
1756476660000, 0.21372155
1756476720000, 0.21368432
1756476780000, 0.21365494
1756476840000, 0.21365047
1756476900000, 0.21364931
1756476960000, 0.21353565
1756477020000, 0.21339673
1756477080000, 0.21343049
1756477140000, 0.21342193
1756477200000, 0.21341983
1756477260000, 0.21344238
1756477320000, 0.21366774
1756477380000, 0.21402514
1756477440000, 0.21417207
1756477500000, 0.21424124
1756477560000, 0.21430313
1756477620000, 0.21437556
1756477680000, 0.21442229
1756477740000, 0.21445955
1756477800000, 0.21448186
1756477860000, 0.21456787
1756477920000, 0.21468164
1756477980000, 0.21476418
1756478040000, 0.21478928
1756478100000, 0.21479116
1756478160000, 0.21476815
1756478220000, 0.21470784
1756478280000, 0.21465494
1756478340000, 0.21465744
1756478400000, 0.21464980
1756478460000, 0.21465026
1756478520000, 0.21471545
1756478580000, 0.21481914
1756478640000, 0.21484494
1756478700000, 0.21484751
1756478760000, 0.21471740
1756478820000, 0.21473820
1756478880000, 0.21476227
1756478940000, 0.21476713
1756479000000, 0.21476822
1756479060000, 0.21476238
1756479120000, 0.21475392
1756479180000, 0.21474883
1756479240000, 0.21469803
1756479300000, 0.21467874
1756479360000, 0.21465186
1756479420000, 0.21458819
1756479480000, 0.21450659
1756479540000, 0.21442480
1756479600000, 0.21436290
1756479660000, 0.21433131
1756479720000, 0.21427095
1756479780000, 0.21418987
1756479840000, 0.21413479
1756479900000, 0.21404270
1756479960000, 0.21403173
1756480020000, 0.21404824
1756480080000, 0.21411526
1756480140000, 0.21413336
1756480200000, 0.21414068
1756480260000, 0.21415181
1756480320000, 0.21417133
1756480380000, 0.21418740
1756480440000, 0.21426251
1756480500000, 0.21433334
1756480560000, 0.21444667
1756480620000, 0.21456259
1756480680000, 0.21462982
1756480740000, 0.21472137
1756480800000, 0.21481380
1756480860000, 0.21495001
1756480920000, 0.21511670
1756480980000, 0.21514149
1756481040000, 0.21515860
1756481100000, 0.21517696
1756481160000, 0.21518275
1756481220000, 0.21517744
1756481280000, 0.21515311
1756481340000, 0.21514781
1756481400000, 0.21509970
1756481460000, 0.21507429
1756481520000, 0.21504836
1756481580000, 0.21496967
1756481640000, 0.21493948
1756481700000, 0.21489384
1756481760000, 0.21477672
1756481820000, 0.21474131
1756481880000, 0.21471853
1756481940000, 0.21468457
1756482000000, 0.21467380
1756482060000, 0.21464814
1756482120000, 0.21462006
1756482180000, 0.21461965
1756482240000, 0.21461193
1756482300000, 0.21452276
1756482360000, 0.21452903
1756482420000, 0.21454241
1756482480000, 0.21453382
1756482540000, 0.21453106
1756482600000, 0.21448273
1756482660000, 0.21446957
1756482720000, 0.21445352
1756482780000, 0.21439946
1756482840000, 0.21430992
1756482900000, 0.21430332
1756482960000, 0.21430324
1756483020000, 0.21426932
1756483080000, 0.21426228
1756483140000, 0.21415962
1756483200000, 0.21377458
1756483260000, 0.21374454
1756483320000, 0.21359386
1756483380000, 0.21351308
1756483440000, 0.21340602
1756483500000, 0.21307975
1756483560000, 0.21287745
1756483620000, 0.21269033
1756483680000, 0.21261508
1756483740000, 0.21258409
1756483800000, 0.21257031
1756483860000, 0.21259121
1756483920000, 0.21260937
1756483980000, 0.21262142
1756484040000, 0.21260776
1756484100000, 0.21252387
1756484160000, 0.21256811
1756484220000, 0.21258673
1756484280000, 0.21259974
1756484340000, 0.21260574
1756484400000, 0.21268560
1756484460000, 0.21281799
1756484520000, 0.21310844
1756484580000, 0.21329168
1756484640000, 0.21340504
1756484700000, 0.21349735
1756484760000, 0.21372895
1756484820000, 0.21378866
1756484880000, 0.21379471
1756484940000, 0.21379228
1756485000000, 0.21378814
1756485060000, 0.21374663
1756485120000, 0.21376023
1756485180000, 0.21376184
1756485240000, 0.21378173
1756485300000, 0.21388161
1756485360000, 0.21390933
1756485420000, 0.21390416
1756485480000, 0.21386283
1756485540000, 0.21386217
1756485600000, 0.21388815
1756485660000, 0.21394282
1756485720000, 0.21395345
1756485780000, 0.21396331
1756485840000, 0.21397231
1756485900000, 0.21398235
1756485960000, 0.21400116
1756486020000, 0.21398946
1756486080000, 0.21398717
1756486140000, 0.21395544
1756486200000, 0.21384318
1756486260000, 0.21378941
1756486320000, 0.21377664
1756486380000, 0.21377226
1756486440000, 0.21375345
1756486500000, 0.21371633
1756486560000, 0.21361322
1756486620000, 0.21351099
1756486680000, 0.21348681
1756486740000, 0.21346015
1756486800000, 0.21336047
1756486860000, 0.21327153
1756486920000, 0.21322161
1756486980000, 0.21319894
1756487040000, 0.21315518
1756487100000, 0.21300487
1756487160000, 0.21267046
1756487220000, 0.21244769
1756487280000, 0.21231316
1756487340000, 0.21226933
1756487400000, 0.21224352
1756487460000, 0.21222967
1756487520000, 0.21202044
1756487580000, 0.21195929
1756487640000, 0.21193242
1756487700000, 0.21189960
1756487760000, 0.21184077
1756487820000, 0.21172249
1756487880000, 0.21167431
1756487940000, 0.21165338
1756488000000, 0.21160070
1756488060000, 0.21143274
1756488120000, 0.21132446
1756488180000, 0.21127466
1756488240000, 0.21123121
1756488300000, 0.21121889
1756488360000, 0.21124069
1756488420000, 0.21127783
1756488480000, 0.21141919
1756488540000, 0.21143746
1756488600000, 0.21148119
1756488660000, 0.21150149
1756488720000, 0.21175933
1756488780000, 0.21193122
1756488840000, 0.21202040
1756488900000, 0.21207396
1756488960000, 0.21211819
1756489020000, 0.21213934
1756489080000, 0.21211017
1756489140000, 0.21212823
1756489200000, 0.21213777
1756489260000, 0.21211960
1756489320000, 0.21211508
1756489380000, 0.21209961
1756489440000, 0.21210740
1756489500000, 0.21214053
1756489560000, 0.21217370
1756489620000, 0.21214039
1756489680000, 0.21211226
1756489740000, 0.21206212
1756489800000, 0.21203425
1756489860000, 0.21199655
1756489920000, 0.21196587
1756489980000, 0.21206441
1756490040000, 0.21205121
1756490100000, 0.21200791
1756490160000, 0.21199740
1756490220000, 0.21199461
1756490280000, 0.21198670
1756490340000, 0.21195780
1756490400000, 0.21190521
1756490460000, 0.21173872
1756490520000, 0.21167460
1756490580000, 0.21161431
1756490640000, 0.21160477
1756490700000, 0.21159643
1756490760000, 0.21159494
1756490820000, 0.21158371
1756490880000, 0.21136693
1756490940000, 0.21127874
1756491000000, 0.21120953
1756491060000, 0.21121294
1756491120000, 0.21120748
1756491180000, 0.21119521
1756491240000, 0.21117320
1756491300000, 0.21116189
1756491360000, 0.21123637
1756491420000, 0.21126854
1756491480000, 0.21112324
1756491540000, 0.21107854
1756491600000, 0.21108095
1756491660000, 0.21091503
1756491720000, 0.21086488
1756491780000, 0.21077476
1756491840000, 0.21077156
1756491900000, 0.21076783
1756491960000, 0.21073559
1756492020000, 0.21070071
1756492080000, 0.21066845
1756492140000, 0.21065357
1756492200000, 0.21063154
1756492260000, 0.21061690
1756492320000, 0.21059190
1756492380000, 0.21056680
1756492440000, 0.21054418
1756492500000, 0.21051241
1756492560000, 0.21052505
1756492620000, 0.21049837
1756492680000, 0.21050199
1756492740000, 0.21043188
1756492800000, 0.21037460
1756492860000, 0.21031084
1756492920000, 0.21031318
1756492980000, 0.21031277
1756493040000, 0.21030153
1756493100000, 0.21030204
1756493160000, 0.21029262
1756493220000, 0.21028177
1756493280000, 0.21028541
1756493340000, 0.21031510
1756493400000, 0.21031709
1756493460000, 0.21032061
1756493520000, 0.21030332
1756493580000, 0.21028507
1756493640000, 0.21029344
1756493700000, 0.21029443
1756493760000, 0.21012074
1756493820000, 0.21010691
1756493880000, 0.21010192
1756493940000, 0.21010182
1756494000000, 0.21010174
1756494060000, 0.21010263
1756494120000, 0.21010384
1756494180000, 0.21011680
1756494240000, 0.21015266
1756494300000, 0.21015433
1756494360000, 0.21014995
1756494420000, 0.21014761
1756494480000, 0.21015711
1756494540000, 0.21018515
1756494600000, 0.21020459
1756494660000, 0.21053287
1756494720000, 0.21065259
1756494780000, 0.21071484
1756494840000, 0.21074827
1756494900000, 0.21077065
1756494960000, 0.21079579
1756495020000, 0.21081106
1756495080000, 0.21094582
1756495140000, 0.21100972
1756495200000, 0.21110798
1756495260000, 0.21155798
1756495320000, 0.21169215
1756495380000, 0.21192503
1756495440000, 0.21201615
1756495500000, 0.21206859
1756495560000, 0.21213209
1756495620000, 0.21217074
1756495680000, 0.21219264
1756495740000, 0.21223998
1756495800000, 0.21226027
1756495860000, 0.21228378
1756495920000, 0.21229668
1756495980000, 0.21232868
1756496040000, 0.21233579
1756496100000, 0.21233965
1756496160000, 0.21225709
1756496220000, 0.21222543
1756496280000, 0.21205896
1756496340000, 0.21202213
1756496400000, 0.21199405
1756496460000, 0.21196426
1756496520000, 0.21194701
1756496580000, 0.21194242
1756496640000, 0.21192907
1756496700000, 0.21192196
1756496760000, 0.21192666
1756496820000, 0.21191769
1756496880000, 0.21198240
1756496940000, 0.21204247
1756497000000, 0.21205998
1756497060000, 0.21238890
1756497120000, 0.21241200
1756497180000, 0.21241930
1756497240000, 0.21242446
1756497300000, 0.21243372
1756497360000, 0.21242053
1756497420000, 0.21242032
1756497480000, 0.21241428
1756497540000, 0.21240325
1756497600000, 0.21237425
1756497660000, 0.21234665
1756497720000, 0.21230919
1756497780000, 0.21226214
1756497840000, 0.21219787
1756497900000, 0.21217410
1756497960000, 0.21203873
1756498020000, 0.21191437
1756498080000, 0.21187118
1756498140000, 0.21175145
1756498200000, 0.21167202
1756498260000, 0.21163358
1756498320000, 0.21158193
1756498380000, 0.21154838
1756498440000, 0.21153466
1756498500000, 0.21150663
1756498560000, 0.21144179
1756498620000, 0.21139035
1756498680000, 0.21135973
1756498740000, 0.21126148
1756498800000, 0.21122307
1756498860000, 0.21124664
1756498920000, 0.21120855
1756498980000, 0.21167660
1756499040000, 0.21176803
1756499100000, 0.21183841
1756499160000, 0.21186771
1756499220000, 0.21188553
1756499280000, 0.21190364
1756499340000, 0.21190736
1756499400000, 0.21191723
1756499460000, 0.21191200
1756499520000, 0.21184238
1756499580000, 0.21183772
1756499640000, 0.21185347
1756499700000, 0.21185923
1756499760000, 0.21188108
1756499820000, 0.21189887
1756499880000, 0.21162577
1756499940000, 0.21147456
1756500000000, 0.21132072
1756500060000, 0.21125719
1756500120000, 0.21120714
1756500180000, 0.21118038
1756500240000, 0.21113142
1756500300000, 0.21110087
1756500360000, 0.21095146
1756500420000, 0.21096404
1756500480000, 0.21094608
1756500540000, 0.21093531
1756500600000, 0.21088582
1756500660000, 0.21085737
1756500720000, 0.21084014
1756500780000, 0.21077331
1756500840000, 0.21073160
1756500900000, 0.21070668
1756500960000, 0.21069974
1756501020000, 0.21070143
1756501080000, 0.21070075
1756501140000, 0.21069984
1756501200000, 0.21071266
1756501260000, 0.21066265
1756501320000, 0.21062009
1756501380000, 0.21034457
1756501440000, 0.21029851
1756501500000, 0.21030391
1756501560000, 0.21034058
1756501620000, 0.21033707
1756501680000, 0.21036248
1756501740000, 0.21038469
1756501800000, 0.21041765
1756501860000, 0.21043951
1756501920000, 0.21047414
1756501980000, 0.21054821
1756502040000, 0.21067112
1756502100000, 0.21084052
1756502160000, 0.21086369
1756502220000, 0.21089482
1756502280000, 0.21118476
1756502340000, 0.21132607
1756502400000, 0.21142578
1756502460000, 0.21146781
1756502520000, 0.21146922
1756502580000, 0.21148483
1756502640000, 0.21148916
1756502700000, 0.21151164
1756502760000, 0.21153474
1756502820000, 0.21152976
1756502880000, 0.21153199
1756502940000, 0.21150362
1756503000000, 0.21139950
1756503060000, 0.21139115
1756503120000, 0.21160432
1756503180000, 0.21175571
1756503240000, 0.21178208
1756503300000, 0.21181612
1756503360000, 0.21187182
1756503420000, 0.21190726
1756503480000, 0.21196576
1756503540000, 0.21202178
1756503600000, 0.21207029
1756503660000, 0.21214504
1756503720000, 0.21229044
1756503780000, 0.21235659
1756503840000, 0.21237544
1756503900000, 0.21241886
1756503960000, 0.21244051
1756504020000, 0.21254857
1756504080000, 0.21263790
1756504140000, 0.21265810
1756504200000, 0.21269298
1756504260000, 0.21276737
1756504320000, 0.21278585
1756504380000, 0.21281928
1756504440000, 0.21285315
1756504500000, 0.21285217
1756504560000, 0.21284809
1756504620000, 0.21283719
1756504680000, 0.21283192
1756504740000, 0.21282885
1756504800000, 0.21282172
1756504860000, 0.21281865
1756504920000, 0.21281256
1756504980000, 0.21284346
1756505040000, 0.21286604
1756505100000, 0.21285774
1756505160000, 0.21273432
1756505220000, 0.21248917
1756505280000, 0.21239791
1756505340000, 0.21238378
1756505400000, 0.21233782
1756505460000, 0.21225500
1756505520000, 0.21222666
1756505580000, 0.21220880
1756505640000, 0.21218689
1756505700000, 0.21215704
1756505760000, 0.21213558
1756505820000, 0.21212693
1756505880000, 0.21212260
1756505940000, 0.21211876
1756506000000, 0.21211527
1756506060000, 0.21211254
1756506120000, 0.21210977
1756506180000, 0.21211024
1756506240000, 0.21211106
1756506300000, 0.21207375
1756506360000, 0.21212832
1756506420000, 0.21218787
1756506480000, 0.21219160
1756506540000, 0.21219645
1756506600000, 0.21223783
1756506660000, 0.21225742
1756506720000, 0.21232634
1756506780000, 0.21240946
1756506840000, 0.21244208
1756506900000, 0.21253688
1756506960000, 0.21256384
1756507020000, 0.21258087
1756507080000, 0.21257890
1756507140000, 0.21256927
1756507200000, 0.21250904
1756507260000, 0.21250395
1756507320000, 0.21251156
1756507380000, 0.21249777
1756507440000, 0.21249584
1756507500000, 0.21249511
1756507560000, 0.21249313
1756507620000, 0.21248573
1756507680000, 0.21246314
1756507740000, 0.21244947
1756507800000, 0.21237060
1756507860000, 0.21233563
1756507920000, 0.21229578
1756507980000, 0.21228328
1756508040000, 0.21227760
1756508100000, 0.21229187
1756508160000, 0.21226870
1756508220000, 0.21226513
1756508280000, 0.21221663
1756508340000, 0.21222758
1756508400000, 0.21225395
1756508460000, 0.21234418
1756508520000, 0.21247392
1756508580000, 0.21252546
1756508640000, 0.21258453
1756508700000, 0.21267981
1756508760000, 0.21270552
1756508820000, 0.21274486
1756508880000, 0.21276466
1756508940000, 0.21279107
1756509000000, 0.21279626
1756509060000, 0.21280184
1756509120000, 0.21281093
1756509180000, 0.21281094
1756509240000, 0.21283042
1756509300000, 0.21284532
1756509360000, 0.21286341
1756509420000, 0.21290258
1756509480000, 0.21293646
1756509540000, 0.21304739
1756509600000, 0.21318066
1756509660000, 0.21322264
1756509720000, 0.21324691
1756509780000, 0.21327598
1756509840000, 0.21330483
1756509900000, 0.21332290
1756509960000, 0.21332285
1756510020000, 0.21332861
1756510080000, 0.21334498
1756510140000, 0.21335391
1756510200000, 0.21336030
1756510260000, 0.21336849
1756510320000, 0.21338959
1756510380000, 0.21341120
1756510440000, 0.21344178
1756510500000, 0.21343848
1756510560000, 0.21377559
1756510620000, 0.21379903
1756510680000, 0.21381795
1756510740000, 0.21384660
1756510800000, 0.21388616
1756510860000, 0.21393192
1756510920000, 0.21394715
1756510980000, 0.21396299
1756511040000, 0.21397401
1756511100000, 0.21399442
1756511160000, 0.21400891
1756511220000, 0.21402070
1756511280000, 0.21402751
1756511340000, 0.21403577
1756511400000, 0.21404384
1756511460000, 0.21421547
1756511520000, 0.21429048
1756511580000, 0.21431356
1756511640000, 0.21430920
1756511700000, 0.21429943
1756511760000, 0.21428764
1756511820000, 0.21426640
1756511880000, 0.21423216
1756511940000, 0.21419961
1756512000000, 0.21411194
1756512060000, 0.21405099
1756512120000, 0.21395154
1756512180000, 0.21391204
1756512240000, 0.21388407
1756512300000, 0.21384673
1756512360000, 0.21378997
1756512420000, 0.21377697
1756512480000, 0.21374808
1756512540000, 0.21371036
1756512600000, 0.21370289
1756512660000, 0.21369321
1756512720000, 0.21367583
1756512780000, 0.21365014
1756512840000, 0.21364059
1756512900000, 0.21361334
1756512960000, 0.21358341
1756513020000, 0.21359663
1756513080000, 0.21361536
1756513140000, 0.21368909
1756513200000, 0.21375771
1756513260000, 0.21379475
1756513320000, 0.21382828
1756513380000, 0.21385242
1756513440000, 0.21386938
1756513500000, 0.21393241
1756513560000, 0.21397761
1756513620000, 0.21400470
1756513680000, 0.21404858
1756513740000, 0.21406670
1756513800000, 0.21410092
1756513860000, 0.21412653
1756513920000, 0.21410989
1756513980000, 0.21397940
1756514040000, 0.21397273
1756514100000, 0.21395115
1756514160000, 0.21386461
1756514220000, 0.21385019
1756514280000, 0.21383037
1756514340000, 0.21382134
1756514400000, 0.21378103
1756514460000, 0.21374200
1756514520000, 0.21369414
1756514580000, 0.21366381
1756514640000, 0.21365487
1756514700000, 0.21363116
1756514760000, 0.21360812
1756514820000, 0.21360398
1756514880000, 0.21363752
1756514940000, 0.21363735
1756515000000, 0.21363940
1756515060000, 0.21364518
1756515120000, 0.21373392
1756515180000, 0.21375767
1756515240000, 0.21376293
1756515300000, 0.21376332
1756515360000, 0.21375979
1756515420000, 0.21380629
1756515480000, 0.21382677
1756515540000, 0.21386492
1756515600000, 0.21391669
1756515660000, 0.21397042
1756515720000, 0.21397184
1756515780000, 0.21395914
1756515840000, 0.21398177
1756515900000, 0.21410552
1756515960000, 0.21411512
1756516020000, 0.21412785
1756516080000, 0.21418539
1756516140000, 0.21447868
1756516200000, 0.21449103
1756516260000, 0.21453332
1756516320000, 0.21456891
1756516380000, 0.21458371
1756516440000, 0.21460398
1756516500000, 0.21462263
1756516560000, 0.21462344
1756516620000, 0.21462441
1756516680000, 0.21462473
1756516740000, 0.21463562
1756516800000, 0.21469892
1756516860000, 0.21469945
1756516920000, 0.21470420
1756516980000, 0.21472051
1756517040000, 0.21467673
1756517100000, 0.21464017
1756517160000, 0.21451564
1756517220000, 0.21436661
1756517280000, 0.21431172
1756517340000, 0.21425844
1756517400000, 0.21423920
1756517460000, 0.21419146
1756517520000, 0.21414363
1756517580000, 0.21413542
1756517640000, 0.21410539
1756517700000, 0.21408818
1756517760000, 0.21408310
1756517820000, 0.21406639
1756517880000, 0.21404661
1756517940000, 0.21404216
1756518000000, 0.21402072
1756518060000, 0.21399200
1756518120000, 0.21399202
1756518180000, 0.21399216
1756518240000, 0.21399320
1756518300000, 0.21398909
1756518360000, 0.21399332
1756518420000, 0.21396581
1756518480000, 0.21394496
1756518540000, 0.21387832
1756518600000, 0.21374383
1756518660000, 0.21358609
1756518720000, 0.21356491
1756518780000, 0.21346621
1756518840000, 0.21344461
1756518900000, 0.21307581
1756518960000, 0.21296043
1756519020000, 0.21288771
1756519080000, 0.21285836
1756519140000, 0.21281152
1756519200000, 0.21266062
1756519260000, 0.21253158
1756519320000, 0.21246370
1756519380000, 0.21245854
1756519440000, 0.21244243
1756519500000, 0.21241024
1756519560000, 0.21232930
1756519620000, 0.21235290
1756519680000, 0.21236286
1756519740000, 0.21239658
1756519800000, 0.21240308
1756519860000, 0.21241855
1756519920000, 0.21251141
1756519980000, 0.21259474
1756520040000, 0.21261947
1756520100000, 0.21279878
1756520160000, 0.21308173
1756520220000, 0.21344592
1756520280000, 0.21360142
1756520340000, 0.21368559
1756520400000, 0.21371112
1756520460000, 0.21373338
1756520520000, 0.21375433
1756520580000, 0.21376389
1756520640000, 0.21378374
1756520700000, 0.21380997
1756520760000, 0.21380603
1756520820000, 0.21382446
1756520880000, 0.21381979
1756520940000, 0.21386272
1756521000000, 0.21388353
1756521060000, 0.21391031
1756521120000, 0.21400746
1756521180000, 0.21417815
1756521240000, 0.21424969
1756521300000, 0.21437901
1756521360000, 0.21441124
1756521420000, 0.21447447
1756521480000, 0.21449790
1756521540000, 0.21452145
1756521600000, 0.21455118
1756521660000, 0.21481817
1756521720000, 0.21483408
1756521780000, 0.21485534
1756521840000, 0.21498479
1756521900000, 0.21507267
1756521960000, 0.21511112
1756522020000, 0.21514562
1756522080000, 0.21527554
1756522140000, 0.21529704
1756522200000, 0.21535695
1756522260000, 0.21538202
1756522320000, 0.21539945
1756522380000, 0.21540377
1756522440000, 0.21540641
1756522500000, 0.21541360
1756522560000, 0.21543524
1756522620000, 0.21543585
1756522680000, 0.21552830
1756522740000, 0.21553606
1756522800000, 0.21554190
1756522860000, 0.21554856
1756522920000, 0.21555533
1756522980000, 0.21554150
1756523040000, 0.21554603
1756523100000, 0.21556152
1756523160000, 0.21557141
1756523220000, 0.21561848
1756523280000, 0.21566032
1756523340000, 0.21576621
1756523400000, 0.21578489
1756523460000, 0.21596296
1756523520000, 0.21608501
1756523580000, 0.21619504
1756523640000, 0.21640286
1756523700000, 0.21645162
1756523760000, 0.21650009
1756523820000, 0.21661053
1756523880000, 0.21664882
1756523940000, 0.21671228
1756524000000, 0.21679899
1756524060000, 0.21692179
1756524120000, 0.21701027
1756524180000, 0.21722945
1756524240000, 0.21753893
1756524300000, 0.21757474
1756524360000, 0.21772443
1756524420000, 0.21780678
1756524480000, 0.21785113
1756524540000, 0.21798656
1756524600000, 0.21802967
1756524660000, 0.21806921
1756524720000, 0.21817830
1756524780000, 0.21820505
1756524840000, 0.21821291
1756524900000, 0.21822918
1756524960000, 0.21824780
1756525020000, 0.21825880
1756525080000, 0.21820687
1756525140000, 0.21803829
1756525200000, 0.21801491
1756525260000, 0.21795357
1756525320000, 0.21786979
1756525380000, 0.21781869
1756525440000, 0.21778328
1756525500000, 0.21774192
1756525560000, 0.21767287
1756525620000, 0.21762250
1756525680000, 0.21755033
1756525740000, 0.21750624
1756525800000, 0.21749188
1756525860000, 0.21748629
1756525920000, 0.21748021
1756525980000, 0.21745242
1756526040000, 0.21742578
1756526100000, 0.21743286
1756526160000, 0.21751032
1756526220000, 0.21755367
1756526280000, 0.21759357
1756526340000, 0.21761602
1756526400000, 0.21764014
1756526460000, 0.21764224
1756526520000, 0.21766851
1756526580000, 0.21769471
1756526640000, 0.21769488
1756526700000, 0.21770169
1756526760000, 0.21770275
1756526820000, 0.21770534
1756526880000, 0.21772419
1756526940000, 0.21773425
1756527000000, 0.21774442
1756527060000, 0.21773157
1756527120000, 0.21772266
1756527180000, 0.21771432
1756527240000, 0.21771413
1756527300000, 0.21772015
1756527360000, 0.21779046
1756527420000, 0.21778994
1756527480000, 0.21781584
1756527540000, 0.21786017
1756527600000, 0.21786957
1756527660000, 0.21788856
1756527720000, 0.21788771
1756527780000, 0.21787120
1756527840000, 0.21785595
1756527900000, 0.21781652
1756527960000, 0.21779851
1756528020000, 0.21777768
1756528080000, 0.21776644
1756528140000, 0.21775185
1756528200000, 0.21771636
1756528260000, 0.21770912
1756528320000, 0.21765161
1756528380000, 0.21758596
1756528440000, 0.21741300
1756528500000, 0.21735924
1756528560000, 0.21733068
1756528620000, 0.21731507
1756528680000, 0.21726472
1756528740000, 0.21721733
1756528800000, 0.21717162
1756528860000, 0.21712855
1756528920000, 0.21709623
1756528980000, 0.21704854
1756529040000, 0.21701285
1756529100000, 0.21696981
1756529160000, 0.21694285
1756529220000, 0.21684925
1756529280000, 0.21683353
1756529340000, 0.21679190
1756529400000, 0.21678553
1756529460000, 0.21678383
1756529520000, 0.21678232
1756529580000, 0.21675234
1756529640000, 0.21675278
1756529700000, 0.21675971
1756529760000, 0.21676541
1756529820000, 0.21676933
1756529880000, 0.21679268
1756529940000, 0.21675540
1756530000000, 0.21674609
1756530060000, 0.21674743
1756530120000, 0.21670807
1756530180000, 0.21669401
1756530240000, 0.21667392
1756530300000, 0.21663888
1756530360000, 0.21662878
1756530420000, 0.21662794
1756530480000, 0.21662995
1756530540000, 0.21664382
1756530600000, 0.21664661
1756530660000, 0.21665671
1756530720000, 0.21661967
1756530780000, 0.21662247
1756530840000, 0.21663286
1756530900000, 0.21663657
1756530960000, 0.21663758
1756531020000, 0.21664286
1756531080000, 0.21664330
1756531140000, 0.21665209
1756531200000, 0.21669441
1756531260000, 0.21669584
1756531320000, 0.21669733
1756531380000, 0.21669883
1756531440000, 0.21669128
1756531500000, 0.21669416
1756531560000, 0.21670195
1756531620000, 0.21682274
1756531680000, 0.21683344
1756531740000, 0.21684436
1756531800000, 0.21684990
1756531860000, 0.21685773
1756531920000, 0.21686685
1756531980000, 0.21686816
1756532040000, 0.21687100
1756532100000, 0.21694146
1756532160000, 0.21694894
1756532220000, 0.21695896
1756532280000, 0.21698659
1756532340000, 0.21701949
1756532400000, 0.21704908
1756532460000, 0.21709303
1756532520000, 0.21709638
1756532580000, 0.21709863
1756532640000, 0.21710157
1756532700000, 0.21719009
1756532760000, 0.21720581
1756532820000, 0.21725995
1756532880000, 0.21730185
1756532940000, 0.21732295
1756533000000, 0.21730911
1756533060000, 0.21732388
1756533120000, 0.21733944
1756533180000, 0.21734022
1756533240000, 0.21732220
1756533300000, 0.21725518
1756533360000, 0.21713105
1756533420000, 0.21710548
1756533480000, 0.21709075
1756533540000, 0.21704798
1756533600000, 0.21698403
1756533660000, 0.21695610
1756533720000, 0.21690614
1756533780000, 0.21686209
1756533840000, 0.21683952
1756533900000, 0.21682089
1756533960000, 0.21679487
1756534020000, 0.21678786
1756534080000, 0.21673568
1756534140000, 0.21678537
1756534200000, 0.21678072
1756534260000, 0.21679499
1756534320000, 0.21679758
1756534380000, 0.21679832
1756534440000, 0.21680557
1756534500000, 0.21680906
1756534560000, 0.21681163
1756534620000, 0.21681520
1756534680000, 0.21681552
1756534740000, 0.21680199
1756534800000, 0.21679604
1756534860000, 0.21679735
1756534920000, 0.21679259
1756534980000, 0.21684120
1756535040000, 0.21665012
1756535100000, 0.21663952
1756535160000, 0.21658948
1756535220000, 0.21658902
1756535280000, 0.21658455
1756535340000, 0.21658923
1756535400000, 0.21658899
1756535460000, 0.21659132
1756535520000, 0.21664615
1756535580000, 0.21666584
1756535640000, 0.21667462
1756535700000, 0.21668846
1756535760000, 0.21668987
1756535820000, 0.21668668
1756535880000, 0.21668937
1756535940000, 0.21669120
1756536000000, 0.21668981
1756536060000, 0.21668270
1756536120000, 0.21680674
1756536180000, 0.21683062
1756536240000, 0.21686675
1756536300000, 0.21695907
1756536360000, 0.21696790
1756536420000, 0.21699179
1756536480000, 0.21699284
1756536540000, 0.21699578
1756536600000, 0.21699295
1756536660000, 0.21697993
1756536720000, 0.21699371
1756536780000, 0.21689208
1756536840000, 0.21687356
1756536900000, 0.21686881
1756536960000, 0.21686770
1756537020000, 0.21684501
1756537080000, 0.21683820
1756537140000, 0.21680983
1756537200000, 0.21671887
1756537260000, 0.21669288
1756537320000, 0.21664908
1756537380000, 0.21660164
1756537440000, 0.21656499
1756537500000, 0.21655345
1756537560000, 0.21653963
1756537620000, 0.21653617
1756537680000, 0.21649912
1756537740000, 0.21635186
1756537800000, 0.21634072
1756537860000, 0.21633910
1756537920000, 0.21633866
1756537980000, 0.21633662
1756538040000, 0.21631301
1756538100000, 0.21631494
1756538160000, 0.21631795
1756538220000, 0.21632627
1756538280000, 0.21632270
1756538340000, 0.21629583
1756538400000, 0.21629394
1756538460000, 0.21627864
1756538520000, 0.21627358
1756538580000, 0.21627181
1756538640000, 0.21635336
1756538700000, 0.21634823
1756538760000, 0.21633964
1756538820000, 0.21633672
1756538880000, 0.21633086
1756538940000, 0.21632230
1756539000000, 0.21631302
1756539060000, 0.21630360
1756539120000, 0.21626655
1756539180000, 0.21629437
1756539240000, 0.21629810
1756539300000, 0.21630527
1756539360000, 0.21636333
1756539420000, 0.21636383
1756539480000, 0.21636397
1756539540000, 0.21636888
1756539600000, 0.21638207
1756539660000, 0.21639372
1756539720000, 0.21639554
1756539780000, 0.21640882
1756539840000, 0.21647364
1756539900000, 0.21650407
1756539960000, 0.21652104
1756540020000, 0.21658247
1756540080000, 0.21662361
1756540140000, 0.21662513
1756540200000, 0.21663292
1756540260000, 0.21683058
1756540320000, 0.21690631
1756540380000, 0.21694271
1756540440000, 0.21694273
1756540500000, 0.21694782
1756540560000, 0.21696764
1756540620000, 0.21697005
1756540680000, 0.21697978
1756540740000, 0.21700904
1756540800000, 0.21702695
1756540860000, 0.21704346
1756540920000, 0.21703636
1756540980000, 0.21705395
1756541040000, 0.21705652
1756541100000, 0.21706495
1756541160000, 0.21707739
1756541220000, 0.21716867
1756541280000, 0.21730004
1756541340000, 0.21730623
1756541400000, 0.21732260
1756541460000, 0.21735119
1756541520000, 0.21734201
1756541580000, 0.21734547
1756541640000, 0.21734960
1756541700000, 0.21733243
1756541760000, 0.21734401
1756541820000, 0.21734419
1756541880000, 0.21733130
1756541940000, 0.21732125
1756542000000, 0.21727389
1756542060000, 0.21727239
1756542120000, 0.21726590
1756542180000, 0.21719340
1756542240000, 0.21716812
1756542300000, 0.21715526
1756542360000, 0.21714709
1756542420000, 0.21713148
1756542480000, 0.21711206
1756542540000, 0.21710623
1756542600000, 0.21707919
1756542660000, 0.21697810
1756542720000, 0.21697957
1756542780000, 0.21697255
1756542840000, 0.21697557
1756542900000, 0.21699428
1756542960000, 0.21698949
1756543020000, 0.21698712
1756543080000, 0.21698690
1756543140000, 0.21698335
1756543200000, 0.21698135
1756543260000, 0.21695614
1756543320000, 0.21693429
1756543380000, 0.21692200
1756543440000, 0.21690824
1756543500000, 0.21687948
1756543560000, 0.21684865
1756543620000, 0.21672484
1756543680000, 0.21666170
1756543740000, 0.21659821
1756543800000, 0.21658949
1756543860000, 0.21656934
1756543920000, 0.21657491
1756543980000, 0.21657834
1756544040000, 0.21657148
1756544100000, 0.21656745
1756544160000, 0.21655334
1756544220000, 0.21651625
1756544280000, 0.21650177
1756544340000, 0.21649880
1756544400000, 0.21648357
1756544460000, 0.21627943
1756544520000, 0.21626698
1756544580000, 0.21626586
1756544640000, 0.21626548
1756544700000, 0.21626477
1756544760000, 0.21625609
1756544820000, 0.21624586
1756544880000, 0.21623436
1756544940000, 0.21621981
1756545000000, 0.21621037
1756545060000, 0.21619254
1756545120000, 0.21613131
1756545180000, 0.21612452
1756545240000, 0.21610798
1756545300000, 0.21609718
1756545360000, 0.21596739
1756545420000, 0.21595987
1756545480000, 0.21598224
1756545540000, 0.21597577
1756545600000, 0.21596511
1756545660000, 0.21596458
1756545720000, 0.21595500
1756545780000, 0.21594991
1756545840000, 0.21594980
1756545900000, 0.21595046
1756545960000, 0.21595512
1756546020000, 0.21596406
1756546080000, 0.21596628
1756546140000, 0.21597723
1756546200000, 0.21600505
1756546260000, 0.21601026
1756546320000, 0.21601810
1756546380000, 0.21595270
1756546440000, 0.21588614
1756546500000, 0.21587668
1756546560000, 0.21584953
1756546620000, 0.21584252
1756546680000, 0.21583858
1756546740000, 0.21583518
1756546800000, 0.21583270
1756546860000, 0.21581701
1756546920000, 0.21578295
1756546980000, 0.21576785
1756547040000, 0.21575352
1756547100000, 0.21560479
1756547160000, 0.21555930
1756547220000, 0.21556054
1756547280000, 0.21556543
1756547340000, 0.21556271
1756547400000, 0.21557502
1756547460000, 0.21561906
1756547520000, 0.21565332
1756547580000, 0.21566899
1756547640000, 0.21568348
1756547700000, 0.21571364
1756547760000, 0.21574060
1756547820000, 0.21576862
1756547880000, 0.21579423
1756547940000, 0.21580176
1756548000000, 0.21586843
1756548060000, 0.21588047
1756548120000, 0.21589112
1756548180000, 0.21588854
1756548240000, 0.21588823
1756548300000, 0.21588548
1756548360000, 0.21584451
1756548420000, 0.21582228
1756548480000, 0.21581818
1756548540000, 0.21583649
1756548600000, 0.21584857
1756548660000, 0.21588284
1756548720000, 0.21591516
1756548780000, 0.21591765
1756548840000, 0.21593009
1756548900000, 0.21593397
1756548960000, 0.21592759
1756549020000, 0.21594134
1756549080000, 0.21598279
1756549140000, 0.21605152
1756549200000, 0.21607055
1756549260000, 0.21611552
1756549320000, 0.21612066
1756549380000, 0.21612600
1756549440000, 0.21613435
1756549500000, 0.21614080
1756549560000, 0.21614145
1756549620000, 0.21614545
1756549680000, 0.21614480
1756549740000, 0.21615042
1756549800000, 0.21614744
1756549860000, 0.21616818
1756549920000, 0.21615051
1756549980000, 0.21606611
1756550040000, 0.21601225
1756550100000, 0.21592658
1756550160000, 0.21573405
1756550220000, 0.21564938
1756550280000, 0.21562229
1756550340000, 0.21560424
1756550400000, 0.21553804
1756550460000, 0.21552506
1756550520000, 0.21550986
1756550580000, 0.21548202
1756550640000, 0.21545073
1756550700000, 0.21538733
1756550760000, 0.21537055
1756550820000, 0.21533197
1756550880000, 0.21525535
1756550940000, 0.21524805
1756551000000, 0.21524825
1756551060000, 0.21529688
1756551120000, 0.21529692
1756551180000, 0.21530380
1756551240000, 0.21531042
1756551300000, 0.21532187
1756551360000, 0.21532669
1756551420000, 0.21535451
1756551480000, 0.21544346
1756551540000, 0.21546239
1756551600000, 0.21546843
1756551660000, 0.21547616
1756551720000, 0.21548098
1756551780000, 0.21550284
1756551840000, 0.21549263
1756551900000, 0.21548902
1756551960000, 0.21548724
1756552020000, 0.21552439
1756552080000, 0.21553127
1756552140000, 0.21553912
1756552200000, 0.21554900
1756552260000, 0.21555665
1756552320000, 0.21558227
1756552380000, 0.21552766
1756552440000, 0.21552477
1756552500000, 0.21553975
1756552560000, 0.21554267
1756552620000, 0.21554739
1756552680000, 0.21554825
1756552740000, 0.21559634
1756552800000, 0.21561134
1756552860000, 0.21562994
1756552920000, 0.21561392
1756552980000, 0.21561270
1756553040000, 0.21559650
1756553100000, 0.21558678
1756553160000, 0.21557282
1756553220000, 0.21556007
1756553280000, 0.21555153
1756553340000, 0.21555065
1756553400000, 0.21549716
1756553460000, 0.21547149
1756553520000, 0.21543109
1756553580000, 0.21542077
1756553640000, 0.21536722
1756553700000, 0.21536493
1756553760000, 0.21533890
1756553820000, 0.21529524
1756553880000, 0.21522582
1756553940000, 0.21512549
1756554000000, 0.21511704
1756554060000, 0.21510838
1756554120000, 0.21510881
1756554180000, 0.21510275
1756554240000, 0.21510862
1756554300000, 0.21510521
1756554360000, 0.21510784
1756554420000, 0.21508044
1756554480000, 0.21509998
1756554540000, 0.21509934
1756554600000, 0.21518907
1756554660000, 0.21521317
1756554720000, 0.21524013
1756554780000, 0.21527159
1756554840000, 0.21539125
1756554900000, 0.21541188
1756554960000, 0.21548383
1756555020000, 0.21553820
1756555080000, 0.21559961
1756555140000, 0.21564068
1756555200000, 0.21565721
1756555260000, 0.21569302
1756555320000, 0.21571159
1756555380000, 0.21573427
1756555440000, 0.21574231
1756555500000, 0.21579871
1756555560000, 0.21579821
1756555620000, 0.21583038
1756555680000, 0.21583403
1756555740000, 0.21584052
1756555800000, 0.21584525
1756555860000, 0.21585138
1756555920000, 0.21584608
1756555980000, 0.21582687
1756556040000, 0.21582759
1756556100000, 0.21582670
1756556160000, 0.21581043
1756556220000, 0.21580646
1756556280000, 0.21580393
1756556340000, 0.21578868
1756556400000, 0.21578819
1756556460000, 0.21584826
1756556520000, 0.21580818
1756556580000, 0.21580631
1756556640000, 0.21580748
1756556700000, 0.21581723
1756556760000, 0.21575294
1756556820000, 0.21556178
1756556880000, 0.21553528
1756556940000, 0.21549605
1756557000000, 0.21546067
1756557060000, 0.21528964
1756557120000, 0.21501218
1756557180000, 0.21498692
1756557240000, 0.21496448
1756557300000, 0.21493988
1756557360000, 0.21483480
1756557420000, 0.21482038
1756557480000, 0.21456482
1756557540000, 0.21445826
1756557600000, 0.21441995
1756557660000, 0.21433655
1756557720000, 0.21428944
1756557780000, 0.21424288
1756557840000, 0.21421517
1756557900000, 0.21418179
1756557960000, 0.21411341
1756558020000, 0.21408522
1756558080000, 0.21407361
1756558140000, 0.21406104
1756558200000, 0.21406155
1756558260000, 0.21403943
1756558320000, 0.21403958
1756558380000, 0.21405317
1756558440000, 0.21412065
1756558500000, 0.21413748
1756558560000, 0.21424919
1756558620000, 0.21427428
1756558680000, 0.21456927
1756558740000, 0.21462967
1756558800000, 0.21468267
1756558860000, 0.21472976
1756558920000, 0.21476962
1756558980000, 0.21477958
1756559040000, 0.21479386
1756559100000, 0.21480449
1756559160000, 0.21480263
1756559220000, 0.21477094
1756559280000, 0.21466828
1756559340000, 0.21443182
1756559400000, 0.21439274
1756559460000, 0.21414545
1756559520000, 0.21397425
1756559580000, 0.21376070
1756559640000, 0.21362123
1756559700000, 0.21349181
1756559760000, 0.21346861
1756559820000, 0.21345317
1756559880000, 0.21346177
1756559940000, 0.21342968
1756560000000, 0.21342347
1756560060000, 0.21340958
1756560120000, 0.21336914
1756560180000, 0.21335591
1756560240000, 0.21329552
1756560300000, 0.21328559
1756560360000, 0.21328169
1756560420000, 0.21334227
1756560480000, 0.21343776
1756560540000, 0.21360325
1756560600000, 0.21371913
1756560660000, 0.21382324
1756560720000, 0.21403935
1756560780000, 0.21416354
1756560840000, 0.21420823
1756560900000, 0.21424750
1756560960000, 0.21427276
1756561020000, 0.21428388
1756561080000, 0.21436153
1756561140000, 0.21439992
1756561200000, 0.21443691
1756561260000, 0.21445983
1756561320000, 0.21457282
1756561380000, 0.21459377
1756561440000, 0.21466637
1756561500000, 0.21460404
1756561560000, 0.21449270
1756561620000, 0.21445354
1756561680000, 0.21444603
1756561740000, 0.21443971
1756561800000, 0.21444267
1756561860000, 0.21444889
1756561920000, 0.21445587
1756561980000, 0.21455594
1756562040000, 0.21457954
1756562100000, 0.21460536
1756562160000, 0.21463113
1756562220000, 0.21459315
1756562280000, 0.21463256
1756562340000, 0.21467558
1756562400000, 0.21478574
1756562460000, 0.21506198
1756562520000, 0.21510735
1756562580000, 0.21512990
1756562640000, 0.21507960
1756562700000, 0.21508964
1756562760000, 0.21509760
1756562820000, 0.21510512
1756562880000, 0.21510426
1756562940000, 0.21509632
1756563000000, 0.21508429
1756563060000, 0.21506565
1756563120000, 0.21505274
1756563180000, 0.21503873
1756563240000, 0.21500838
1756563300000, 0.21498591
1756563360000, 0.21495865
1756563420000, 0.21491225
1756563480000, 0.21488273
1756563540000, 0.21489261
1756563600000, 0.21486071
1756563660000, 0.21483721
1756563720000, 0.21481584
1756563780000, 0.21478523
1756563840000, 0.21469448
1756563900000, 0.21464993
1756563960000, 0.21457588
1756564020000, 0.21456192
1756564080000, 0.21455211
1756564140000, 0.21453031
1756564200000, 0.21452576
1756564260000, 0.21452762
1756564320000, 0.21461784
1756564380000, 0.21463394
1756564440000, 0.21463321
1756564500000, 0.21463584
1756564560000, 0.21463291
1756564620000, 0.21463376
1756564680000, 0.21462682
1756564740000, 0.21463960
1756564800000, 0.21464976
1756564860000, 0.21472205
1756564920000, 0.21473841
1756564980000, 0.21476068
1756565040000, 0.21477042
1756565100000, 0.21477590
1756565160000, 0.21478486
1756565220000, 0.21474553
1756565280000, 0.21492507
1756565340000, 0.21494694
1756565400000, 0.21498027
1756565460000, 0.21503111
1756565520000, 0.21507113
1756565580000, 0.21509984
1756565640000, 0.21517007
1756565700000, 0.21520580
1756565760000, 0.21523262
1756565820000, 0.21524125
1756565880000, 0.21524188
1756565940000, 0.21526336
1756566000000, 0.21527178
1756566060000, 0.21528275
1756566120000, 0.21528399
1756566180000, 0.21531974
1756566240000, 0.21532346
1756566300000, 0.21531559
1756566360000, 0.21527212
1756566420000, 0.21519731
1756566480000, 0.21512088
1756566540000, 0.21505174
1756566600000, 0.21500232
1756566660000, 0.21502432
1756566720000, 0.21499616
1756566780000, 0.21498892
1756566840000, 0.21503105
1756566900000, 0.21502941
1756566960000, 0.21504730
1756567020000, 0.21512329
1756567080000, 0.21520692
1756567140000, 0.21521106
1756567200000, 0.21522153
1756567260000, 0.21528846
1756567320000, 0.21531519
1756567380000, 0.21538453
1756567440000, 0.21541599
1756567500000, 0.21542093
1756567560000, 0.21549528
1756567620000, 0.21549968
1756567680000, 0.21554455
1756567740000, 0.21565157
1756567800000, 0.21565872
1756567860000, 0.21567165
1756567920000, 0.21568117
1756567980000, 0.21568642
1756568040000, 0.21569061
1756568100000, 0.21570415
1756568160000, 0.21576238
1756568220000, 0.21577456
1756568280000, 0.21584769
1756568340000, 0.21587199
1756568400000, 0.21589138
1756568460000, 0.21590451
1756568520000, 0.21593382
1756568580000, 0.21596211
1756568640000, 0.21598908
1756568700000, 0.21599523
1756568760000, 0.21603941
1756568820000, 0.21610211
1756568880000, 0.21612060
1756568940000, 0.21613409
1756569000000, 0.21614838
1756569060000, 0.21615250
1756569120000, 0.21616462
1756569180000, 0.21623004
1756569240000, 0.21625006
1756569300000, 0.21624831
1756569360000, 0.21624658
1756569420000, 0.21623185
1756569480000, 0.21621565
1756569540000, 0.21620457
1756569600000, 0.21619188
1756569660000, 0.21610373
1756569720000, 0.21600958
1756569780000, 0.21596698
1756569840000, 0.21591883
1756569900000, 0.21588143
1756569960000, 0.21578718
1756570020000, 0.21576577
1756570080000, 0.21575365
1756570140000, 0.21575164
1756570200000, 0.21575103
1756570260000, 0.21574981
1756570320000, 0.21573781
1756570380000, 0.21572440
1756570440000, 0.21570540
1756570500000, 0.21569250
1756570560000, 0.21566540
1756570620000, 0.21565101
1756570680000, 0.21564629
1756570740000, 0.21559847
1756570800000, 0.21557423
1756570860000, 0.21551084
1756570920000, 0.21550508
1756570980000, 0.21547641
1756571040000, 0.21546262
1756571100000, 0.21542710
1756571160000, 0.21534899
1756571220000, 0.21532492
1756571280000, 0.21530714
1756571340000, 0.21530016
1756571400000, 0.21530094
1756571460000, 0.21529901
1756571520000, 0.21533664
1756571580000, 0.21535317
1756571640000, 0.21535411
1756571700000, 0.21531743
1756571760000, 0.21529277
1756571820000, 0.21530131
1756571880000, 0.21530605
1756571940000, 0.21531350
1756572000000, 0.21536482
1756572060000, 0.21538633
1756572120000, 0.21539849
1756572180000, 0.21547883
1756572240000, 0.21558658
1756572300000, 0.21560269
1756572360000, 0.21566659
1756572420000, 0.21567842
1756572480000, 0.21575093
1756572540000, 0.21576496
1756572600000, 0.21578525
1756572660000, 0.21579502
1756572720000, 0.21580039
1756572780000, 0.21578897
1756572840000, 0.21578953
1756572900000, 0.21579950
1756572960000, 0.21579815
1756573020000, 0.21578799
1756573080000, 0.21577334
1756573140000, 0.21574877
1756573200000, 0.21575159
1756573260000, 0.21571941
1756573320000, 0.21571482
1756573380000, 0.21561228
1756573440000, 0.21558046
1756573500000, 0.21548601
1756573560000, 0.21547911
1756573620000, 0.21550445
1756573680000, 0.21547579
1756573740000, 0.21553125
1756573800000, 0.21562029
1756573860000, 0.21562409
1756573920000, 0.21563904
1756573980000, 0.21567406
1756574040000, 0.21569399
1756574100000, 0.21572833
1756574160000, 0.21580721
1756574220000, 0.21580672
1756574280000, 0.21580602
1756574340000, 0.21580964
1756574400000, 0.21581064
1756574460000, 0.21580963
1756574520000, 0.21581105
1756574580000, 0.21580810
1756574640000, 0.21580680
1756574700000, 0.21583338
1756574760000, 0.21582954
1756574820000, 0.21582018
1756574880000, 0.21581077
1756574940000, 0.21578821
1756575000000, 0.21576734
1756575060000, 0.21570555
1756575120000, 0.21568344
1756575180000, 0.21568325
1756575240000, 0.21568031
1756575300000, 0.21564370
1756575360000, 0.21531779
1756575420000, 0.21520433
1756575480000, 0.21518205
1756575540000, 0.21517942
1756575600000, 0.21517557
1756575660000, 0.21513074
1756575720000, 0.21509246
1756575780000, 0.21508267
1756575840000, 0.21506926
1756575900000, 0.21506826
1756575960000, 0.21504041
1756576020000, 0.21503699
1756576080000, 0.21503241
1756576140000, 0.21503192
1756576200000, 0.21502417
1756576260000, 0.21498917
1756576320000, 0.21499431
1756576380000, 0.21497161
1756576440000, 0.21498688
1756576500000, 0.21495378
1756576560000, 0.21495125
1756576620000, 0.21495692
1756576680000, 0.21496532
1756576740000, 0.21496880
1756576800000, 0.21498955
1756576860000, 0.21505138
1756576920000, 0.21505893
1756576980000, 0.21513334
1756577040000, 0.21516582
1756577100000, 0.21517290
1756577160000, 0.21522077
1756577220000, 0.21524861
1756577280000, 0.21525972
1756577340000, 0.21527742
1756577400000, 0.21528427
1756577460000, 0.21527341
1756577520000, 0.21527418
1756577580000, 0.21527413
1756577640000, 0.21527361
1756577700000, 0.21527097
1756577760000, 0.21524790
1756577820000, 0.21523398
1756577880000, 0.21521488
1756577940000, 0.21517005
1756578000000, 0.21516426
1756578060000, 0.21510653
1756578120000, 0.21508467
1756578180000, 0.21506247
1756578240000, 0.21504961
1756578300000, 0.21503157
1756578360000, 0.21498674
1756578420000, 0.21488558
1756578480000, 0.21488470
1756578540000, 0.21488384
1756578600000, 0.21487928
1756578660000, 0.21488128
1756578720000, 0.21487393
1756578780000, 0.21486056
1756578840000, 0.21479738
1756578900000, 0.21479228
1756578960000, 0.21477717
1756579020000, 0.21480989
1756579080000, 0.21483345
1756579140000, 0.21484155
1756579200000, 0.21485226
1756579260000, 0.21486227
1756579320000, 0.21488276
1756579380000, 0.21484703
1756579440000, 0.21483891
1756579500000, 0.21483236
1756579560000, 0.21483248
1756579620000, 0.21484577
1756579680000, 0.21492721
1756579740000, 0.21493461
1756579800000, 0.21495709
1756579860000, 0.21496169
1756579920000, 0.21497368
1756579980000, 0.21497245
1756580040000, 0.21498784
1756580100000, 0.21499145
1756580160000, 0.21499683
1756580220000, 0.21502160
1756580280000, 0.21515482
1756580340000, 0.21513118
1756580400000, 0.21513489
1756580460000, 0.21513497
1756580520000, 0.21512769
1756580580000, 0.21510859
1756580640000, 0.21510530
1756580700000, 0.21509438
1756580760000, 0.21509220
1756580820000, 0.21508575
1756580880000, 0.21508500
1756580940000, 0.21507462
1756581000000, 0.21507033
1756581060000, 0.21505816
1756581120000, 0.21505214
1756581180000, 0.21504348
1756581240000, 0.21502800
1756581300000, 0.21502421
1756581360000, 0.21501970
1756581420000, 0.21493561
1756581480000, 0.21497883
1756581540000, 0.21499619
1756581600000, 0.21499884
1756581660000, 0.21501561
1756581720000, 0.21501632
1756581780000, 0.21501693
1756581840000, 0.21489249
1756581900000, 0.21483222
1756581960000, 0.21483397
1756582020000, 0.21483734
1756582080000, 0.21483701
1756582140000, 0.21485690
1756582200000, 0.21485758
1756582260000, 0.21486678
1756582320000, 0.21487422
1756582380000, 0.21486983
1756582440000, 0.21485517
1756582500000, 0.21485594
1756582560000, 0.21484672
1756582620000, 0.21485456
1756582680000, 0.21485466
1756582740000, 0.21490891
1756582800000, 0.21512415
1756582860000, 0.21512500
1756582920000, 0.21515030
1756582980000, 0.21517385
1756583040000, 0.21517420
1756583100000, 0.21520901
1756583160000, 0.21521552
1756583220000, 0.21520909
1756583280000, 0.21527530
1756583340000, 0.21525867
1756583400000, 0.21526408
1756583460000, 0.21526385
1756583520000, 0.21526217
1756583580000, 0.21526143
1756583640000, 0.21527138
1756583700000, 0.21526102
1756583760000, 0.21525707
1756583820000, 0.21524544
1756583880000, 0.21523125
1756583940000, 0.21523051
1756584000000, 0.21520341
1756584060000, 0.21520705
1756584120000, 0.21521698
1756584180000, 0.21523951
1756584240000, 0.21523935
1756584300000, 0.21523544
1756584360000, 0.21523136
1756584420000, 0.21523486
1756584480000, 0.21523001
1756584540000, 0.21522610
1756584600000, 0.21520967
1756584660000, 0.21511957
1756584720000, 0.21508786
1756584780000, 0.21505883
1756584840000, 0.21501851
1756584900000, 0.21499831
1756584960000, 0.21492744
1756585020000, 0.21489995
1756585080000, 0.21488721
1756585140000, 0.21487763
1756585200000, 0.21481283
1756585260000, 0.21479860
1756585320000, 0.21477243
1756585380000, 0.21470711
1756585440000, 0.21469199
1756585500000, 0.21469621
1756585560000, 0.21471077
1756585620000, 0.21471253
1756585680000, 0.21476099
1756585740000, 0.21476414
1756585800000, 0.21477235
1756585860000, 0.21481576
1756585920000, 0.21482805
1756585980000, 0.21483792
1756586040000, 0.21484610
1756586100000, 0.21490880
1756586160000, 0.21486194
1756586220000, 0.21488879
1756586280000, 0.21489582
1756586340000, 0.21489411
1756586400000, 0.21489396
1756586460000, 0.21487678
1756586520000, 0.21486390
1756586580000, 0.21482678
1756586640000, 0.21482310
1756586700000, 0.21480454
1756586760000, 0.21476347
1756586820000, 0.21476164
1756586880000, 0.21475835
1756586940000, 0.21476421
1756587000000, 0.21476849
1756587060000, 0.21480980
1756587120000, 0.21480989
1756587180000, 0.21481137
1756587240000, 0.21480510
1756587300000, 0.21481395
1756587360000, 0.21482225
1756587420000, 0.21483087
1756587480000, 0.21483610
1756587540000, 0.21484074
1756587600000, 0.21497451
1756587660000, 0.21503584
1756587720000, 0.21503723
1756587780000, 0.21504103
1756587840000, 0.21507789
1756587900000, 0.21509260
1756587960000, 0.21509444
1756588020000, 0.21507987
1756588080000, 0.21508107
1756588140000, 0.21508392
1756588200000, 0.21508797
1756588260000, 0.21509422
1756588320000, 0.21511224
1756588380000, 0.21514257
1756588440000, 0.21518695
1756588500000, 0.21526428
1756588560000, 0.21526964
1756588620000, 0.21527866
1756588680000, 0.21527256
1756588740000, 0.21526869
1756588800000, 0.21526113
1756588860000, 0.21525474
1756588920000, 0.21526463
1756588980000, 0.21526212
1756589040000, 0.21526185
1756589100000, 0.21526148
1756589160000, 0.21525778
1756589220000, 0.21525763
1756589280000, 0.21525525
1756589340000, 0.21523105
1756589400000, 0.21516967
1756589460000, 0.21515049
1756589520000, 0.21509192
1756589580000, 0.21509602
1756589640000, 0.21509785
1756589700000, 0.21510436
1756589760000, 0.21511564
1756589820000, 0.21514964
1756589880000, 0.21513711
1756589940000, 0.21512243
1756590000000, 0.21512317
1756590060000, 0.21513190
1756590120000, 0.21513146
1756590180000, 0.21512886
1756590240000, 0.21517254
1756590300000, 0.21518021
1756590360000, 0.21520946
1756590420000, 0.21521517
1756590480000, 0.21522342
1756590540000, 0.21522387
1756590600000, 0.21522496
1756590660000, 0.21522815
1756590720000, 0.21522874
1756590780000, 0.21524103
1756590840000, 0.21527013
1756590900000, 0.21528658
1756590960000, 0.21532865
1756591020000, 0.21534216
1756591080000, 0.21534800
1756591140000, 0.21537497
1756591200000, 0.21537269
1756591260000, 0.21536826
1756591320000, 0.21536492
1756591380000, 0.21525992
1756591440000, 0.21524652
1756591500000, 0.21521888
1756591560000, 0.21520875
1756591620000, 0.21519119
1756591680000, 0.21517432
1756591740000, 0.21517070
1756591800000, 0.21516175
1756591860000, 0.21501584
1756591920000, 0.21500944
1756591980000, 0.21500815
1756592040000, 0.21500701
1756592100000, 0.21499403
1756592160000, 0.21498969
1756592220000, 0.21498906
1756592280000, 0.21497924
1756592340000, 0.21496056
1756592400000, 0.21491855
1756592460000, 0.21491750
1756592520000, 0.21491996
1756592580000, 0.21492176
1756592640000, 0.21492168
1756592700000, 0.21492272
1756592760000, 0.21493581
1756592820000, 0.21497307
1756592880000, 0.21503762
1756592940000, 0.21504670
1756593000000, 0.21507954
1756593060000, 0.21508474
1756593120000, 0.21508857
1756593180000, 0.21508974
1756593240000, 0.21514517
1756593300000, 0.21514001
1756593360000, 0.21512009
1756593420000, 0.21511451
1756593480000, 0.21511699
1756593540000, 0.21512159
1756593600000, 0.21513523
1756593660000, 0.21513739
1756593720000, 0.21514389
1756593780000, 0.21514502
1756593840000, 0.21515660
1756593900000, 0.21516967
1756593960000, 0.21518731
1756594020000, 0.21518740
1756594080000, 0.21522219
1756594140000, 0.21523087
1756594200000, 0.21524722
1756594260000, 0.21527725
1756594320000, 0.21531677
1756594380000, 0.21531928
1756594440000, 0.21532757
1756594500000, 0.21533666
1756594560000, 0.21535478
1756594620000, 0.21536054
1756594680000, 0.21536663
1756594740000, 0.21536456
1756594800000, 0.21536561
1756594860000, 0.21541223
1756594920000, 0.21547091
1756594980000, 0.21549527
1756595040000, 0.21565314
1756595100000, 0.21567161
1756595160000, 0.21567996
1756595220000, 0.21568078
1756595280000, 0.21568169
1756595340000, 0.21568558
1756595400000, 0.21568698
1756595460000, 0.21570137
1756595520000, 0.21570510
1756595580000, 0.21571021
1756595640000, 0.21571810
1756595700000, 0.21571898
1756595760000, 0.21573676
1756595820000, 0.21575116
1756595880000, 0.21575198
1756595940000, 0.21578742
1756596000000, 0.21578177
1756596060000, 0.21577900
1756596120000, 0.21578460
1756596180000, 0.21578439
1756596240000, 0.21578494
1756596300000, 0.21577730
1756596360000, 0.21579116
1756596420000, 0.21579829
1756596480000, 0.21581087
1756596540000, 0.21583780
1756596600000, 0.21584090
1756596660000, 0.21586633
1756596720000, 0.21587473
1756596780000, 0.21587266
1756596840000, 0.21587061
1756596900000, 0.21589121
1756596960000, 0.21589490
1756597020000, 0.21589664
1756597080000, 0.21589760
1756597140000, 0.21590498
1756597200000, 0.21593385
1756597260000, 0.21594120
1756597320000, 0.21594362
1756597380000, 0.21594760
1756597440000, 0.21595065
1756597500000, 0.21595211
1756597560000, 0.21595878
1756597620000, 0.21596953
1756597680000, 0.21597901
1756597740000, 0.21598313
1756597800000, 0.21598382
1756597860000, 0.21598069
1756597920000, 0.21598120
1756597980000, 0.21598166
1756598040000, 0.21600040
1756598100000, 0.21597897
1756598160000, 0.21595903
1756598220000, 0.21600111
1756598280000, 0.21599788
1756598340000, 0.21599010
1756598400000, 0.21598921
1756598460000, 0.21599588
1756598520000, 0.21600266
1756598580000, 0.21603551
1756598640000, 0.21611586
1756598700000, 0.21612014
1756598760000, 0.21612870
1756598820000, 0.21613673
1756598880000, 0.21613903
1756598940000, 0.21615209
1756599000000, 0.21616185
1756599060000, 0.21619447
1756599120000, 0.21627824
1756599180000, 0.21630137
1756599240000, 0.21632227
1756599300000, 0.21633871
1756599360000, 0.21636154
1756599420000, 0.21636983
1756599480000, 0.21639420
1756599540000, 0.21640825
1756599600000, 0.21642003
1756599660000, 0.21643500
1756599720000, 0.21645391
1756599780000, 0.21645657
1756599840000, 0.21646750
1756599900000, 0.21647818
1756599960000, 0.21648503
1756600020000, 0.21648630
1756600080000, 0.21648176
1756600140000, 0.21651828
1756600200000, 0.21654655
1756600260000, 0.21658345
1756600320000, 0.21664923
1756600380000, 0.21665800
1756600440000, 0.21665071
1756600500000, 0.21665919
1756600560000, 0.21666744
1756600620000, 0.21669153
1756600680000, 0.21670196
1756600740000, 0.21672131
1756600800000, 0.21675718
1756600860000, 0.21678008
1756600920000, 0.21679022
1756600980000, 0.21684767
1756601040000, 0.21694946
1756601100000, 0.21697591
1756601160000, 0.21708638
1756601220000, 0.21727793
1756601280000, 0.21735045
1756601340000, 0.21758591
1756601400000, 0.21760098
1756601460000, 0.21761052
1756601520000, 0.21762027
1756601580000, 0.21763947
1756601640000, 0.21767759
1756601700000, 0.21771455
1756601760000, 0.21772039
1756601820000, 0.21776257
1756601880000, 0.21780646
1756601940000, 0.21786484
1756602000000, 0.21794492
1756602060000, 0.21799167
1756602120000, 0.21802188
1756602180000, 0.21803010
1756602240000, 0.21802753
1756602300000, 0.21803781
1756602360000, 0.21805447
1756602420000, 0.21810063
1756602480000, 0.21813744
1756602540000, 0.21814289
1756602600000, 0.21815049
1756602660000, 0.21815278
1756602720000, 0.21812783
1756602780000, 0.21809967
1756602840000, 0.21809589
1756602900000, 0.21790297
1756602960000, 0.21780476
1756603020000, 0.21778654
1756603080000, 0.21775332
1756603140000, 0.21774109
1756603200000, 0.21771978
1756603260000, 0.21771420
1756603320000, 0.21769870
1756603380000, 0.21764262
1756603440000, 0.21770634
1756603500000, 0.21774157
1756603560000, 0.21777753
1756603620000, 0.21779095
1756603680000, 0.21779928
1756603740000, 0.21781065
1756603800000, 0.21787633
1756603860000, 0.21794315
1756603920000, 0.21813136
1756603980000, 0.21860434
1756604040000, 0.21865899
1756604100000, 0.21867869
1756604160000, 0.21870252
1756604220000, 0.21871040
1756604280000, 0.21872940
1756604340000, 0.21875360
1756604400000, 0.21877264
1756604460000, 0.21878652
1756604520000, 0.21879018
1756604580000, 0.21879253
1756604640000, 0.21879856
1756604700000, 0.21879844
1756604760000, 0.21880306
1756604820000, 0.21881728
1756604880000, 0.21873623
1756604940000, 0.21868320
1756605000000, 0.21867419
1756605060000, 0.21864151
1756605120000, 0.21863230
1756605180000, 0.21862320
1756605240000, 0.21865927
1756605300000, 0.21867614
1756605360000, 0.21868929
1756605420000, 0.21875595
1756605480000, 0.21879028
1756605540000, 0.21900636
1756605600000, 0.21917967
1756605660000, 0.21924471
1756605720000, 0.21927000
1756605780000, 0.21930589
1756605840000, 0.21930757
1756605900000, 0.21930726
1756605960000, 0.21930767
1756606020000, 0.21931218
1756606080000, 0.21931954
1756606140000, 0.21932704
1756606200000, 0.21933141
1756606260000, 0.21933170
1756606320000, 0.21933780
1756606380000, 0.21933653
1756606440000, 0.21932712
1756606500000, 0.21925785
1756606560000, 0.21921614
1756606620000, 0.21910184
1756606680000, 0.21906859
1756606740000, 0.21907576
1756606800000, 0.21902532
1756606860000, 0.21902435
1756606920000, 0.21902253
1756606980000, 0.21902373
1756607040000, 0.21902471
1756607100000, 0.21901878
1756607160000, 0.21898390
1756607220000, 0.21897870
1756607280000, 0.21897898
1756607340000, 0.21895223
1756607400000, 0.21896361
1756607460000, 0.21895045
1756607520000, 0.21893445
1756607580000, 0.21886771
1756607640000, 0.21874475
1756607700000, 0.21874118
1756607760000, 0.21866774
1756607820000, 0.21866242
1756607880000, 0.21863767
1756607940000, 0.21862557
1756608000000, 0.21861657
1756608060000, 0.21860474
1756608120000, 0.21862119
1756608180000, 0.21864961
1756608240000, 0.21863872
1756608300000, 0.21863834
1756608360000, 0.21863104
1756608420000, 0.21863351
1756608480000, 0.21866667
1756608540000, 0.21875177
1756608600000, 0.21875344
1756608660000, 0.21876532
1756608720000, 0.21876998
1756608780000, 0.21877267
1756608840000, 0.21877619
1756608900000, 0.21877779
1756608960000, 0.21877451
1756609020000, 0.21877558
1756609080000, 0.21878257
1756609140000, 0.21878481
1756609200000, 0.21879676
1756609260000, 0.21880687
1756609320000, 0.21880968
1756609380000, 0.21880485
1756609440000, 0.21883160
1756609500000, 0.21892051
1756609560000, 0.21895004
1756609620000, 0.21896977
1756609680000, 0.21898408
1756609740000, 0.21899086
1756609800000, 0.21900093
1756609860000, 0.21900315
1756609920000, 0.21900967
1756609980000, 0.21905745
1756610040000, 0.21906176
1756610100000, 0.21907688
1756610160000, 0.21908768
1756610220000, 0.21909380
1756610280000, 0.21911868
1756610340000, 0.21914255
1756610400000, 0.21923976
1756610460000, 0.21930126
1756610520000, 0.21937379
1756610580000, 0.21939534
1756610640000, 0.21941826
1756610700000, 0.21943219
1756610760000, 0.21943675
1756610820000, 0.21945033
1756610880000, 0.21946991
1756610940000, 0.21947509
1756611000000, 0.21947956
1756611060000, 0.21951056
1756611120000, 0.21952805
1756611180000, 0.21954109
1756611240000, 0.21954757
1756611300000, 0.21969860
1756611360000, 0.21973867
1756611420000, 0.21974310
1756611480000, 0.22007948
1756611540000, 0.22014004
1756611600000, 0.22016446
1756611660000, 0.22018214
1756611720000, 0.22019831
1756611780000, 0.22023550
1756611840000, 0.22024485
1756611900000, 0.22028678
1756611960000, 0.22034390
1756612020000, 0.22042575
1756612080000, 0.22045241
1756612140000, 0.22049079
1756612200000, 0.22059241
1756612260000, 0.22064489
1756612320000, 0.22065270
1756612380000, 0.22086569
1756612440000, 0.22086747
1756612500000, 0.22086590
1756612560000, 0.22087263
1756612620000, 0.22087341
1756612680000, 0.22081673
1756612740000, 0.22080610
1756612800000, 0.22079154
1756612860000, 0.22075723
1756612920000, 0.22064426
1756612980000, 0.22062289
1756613040000, 0.22055625
1756613100000, 0.22052756
1756613160000, 0.22045484
1756613220000, 0.22041979
1756613280000, 0.22039371
1756613340000, 0.22038261
1756613400000, 0.22036026
1756613460000, 0.22033989
1756613520000, 0.22032001
1756613580000, 0.22026253
1756613640000, 0.22025163
1756613700000, 0.22023973
1756613760000, 0.22020456
1756613820000, 0.22011409
1756613880000, 0.22008323
1756613940000, 0.22004716
1756614000000, 0.22000736
1756614060000, 0.21991403
1756614120000, 0.21988489
1756614180000, 0.21981665
1756614240000, 0.21979026
1756614300000, 0.21976974
1756614360000, 0.21973248
1756614420000, 0.21970531
1756614480000, 0.21956254
1756614540000, 0.21953959
1756614600000, 0.21948025
1756614660000, 0.21941318
1756614720000, 0.21937499
1756614780000, 0.21938919
1756614840000, 0.21937412
1756614900000, 0.21936494
1756614960000, 0.21935554
1756615020000, 0.21934570
1756615080000, 0.21931158
1756615140000, 0.21929870
1756615200000, 0.21928409
1756615260000, 0.21927595
1756615320000, 0.21924161
1756615380000, 0.21918336
1756615440000, 0.21918180
1756615500000, 0.21917989
1756615560000, 0.21917587
1756615620000, 0.21917367
1756615680000, 0.21910387
1756615740000, 0.21909284
1756615800000, 0.21908907
1756615860000, 0.21907766
1756615920000, 0.21906047
1756615980000, 0.21902913
1756616040000, 0.21898731
1756616100000, 0.21895234
1756616160000, 0.21894025
1756616220000, 0.21890688
1756616280000, 0.21874335
1756616340000, 0.21874302
1756616400000, 0.21874694
1756616460000, 0.21872998
1756616520000, 0.21869487
1756616580000, 0.21857337
1756616640000, 0.21854378
1756616700000, 0.21854109
1756616760000, 0.21853374
1756616820000, 0.21851569
